--------------------------------------------------------
--  File created - Thursday-December-29-2022   
--------------------------------------------------------
--------------------------------------------------------
--  DDL for Table AS_ACCOUNT
--------------------------------------------------------

  CREATE TABLE "SYSTEM"."AS_ACCOUNT" 
   (	"ACCOUNT_ID" NUMBER, 
	"ACCOUNT_NAME" VARCHAR2(20 BYTE), 
	"DISTRICT_ID" NUMBER, 
	"REGION" VARCHAR2(20 BYTE), 
	"CITY" VARCHAR2(20 BYTE), 
	"RATIO_URBAN" NUMBER, 
	"AVG_SALARY" NUMBER(*,0), 
	"DATE_CREATED" DATE, 
	"CUSTOMER_ID" NUMBER, 
	"MERCHANT_ID" NUMBER
   ) PCTFREE 10 PCTUSED 40 INITRANS 1 MAXTRANS 255 
 NOCOMPRESS LOGGING
  STORAGE(INITIAL 65536 NEXT 1048576 MINEXTENTS 1 MAXEXTENTS 2147483645
  PCTINCREASE 0 FREELISTS 1 FREELIST GROUPS 1
  BUFFER_POOL DEFAULT FLASH_CACHE DEFAULT CELL_FLASH_CACHE DEFAULT)
  TABLESPACE "SYSTEM" ;
--------------------------------------------------------
--  DDL for Table AS_CUSTOMER
--------------------------------------------------------

  CREATE TABLE "SYSTEM"."AS_CUSTOMER" 
   (	"CUSTOMER_ID" NUMBER, 
	"CUSTOMER_FIRST_NAME" VARCHAR2(20 BYTE), 
	"CUSTOMER_LAST_NAME" VARCHAR2(20 BYTE), 
	"CUSTOMER_CONTACT_NUM" VARCHAR2(20 BYTE), 
	"CUSTOMER_EMAIL" VARCHAR2(20 BYTE), 
	"CUST_CURR_ADD" VARCHAR2(100 BYTE), 
	"CUST_HOME_ADD" VARCHAR2(100 BYTE), 
	"CUST_DOB" DATE, 
	"CUST_EMPLOYMENT_ID" VARCHAR2(20 BYTE), 
	"POSTING_DATE" DATE, 
	"EMPLOYMENT_TYPE" VARCHAR2(20 BYTE), 
	"PROFESSION_TYPE" VARCHAR2(20 BYTE), 
	"EXP_IN_PROFESSION_YEAR" NUMBER, 
	"TENURE_WITH_CURR_EMPLOYER" NUMBER, 
	"EMPLOYMENT_DESC" VARCHAR2(20 BYTE)
   ) PCTFREE 10 PCTUSED 40 INITRANS 1 MAXTRANS 255 
 NOCOMPRESS LOGGING
  STORAGE(INITIAL 65536 NEXT 1048576 MINEXTENTS 1 MAXEXTENTS 2147483645
  PCTINCREASE 0 FREELISTS 1 FREELIST GROUPS 1
  BUFFER_POOL DEFAULT FLASH_CACHE DEFAULT CELL_FLASH_CACHE DEFAULT)
  TABLESPACE "SYSTEM" ;
--------------------------------------------------------
--  DDL for Table AS_MERCHANT
--------------------------------------------------------

  CREATE TABLE "SYSTEM"."AS_MERCHANT" 
   (	"MERCHANT_ID" NUMBER, 
	"MERCHANT_NAME" VARCHAR2(20 BYTE), 
	"SSM" VARCHAR2(20 BYTE), 
	"AWS" VARCHAR2(20 BYTE), 
	"MERCHANT_EMAIL" VARCHAR2(20 BYTE)
   ) PCTFREE 10 PCTUSED 40 INITRANS 1 MAXTRANS 255 
 NOCOMPRESS LOGGING
  STORAGE(INITIAL 65536 NEXT 1048576 MINEXTENTS 1 MAXEXTENTS 2147483645
  PCTINCREASE 0 FREELISTS 1 FREELIST GROUPS 1
  BUFFER_POOL DEFAULT FLASH_CACHE DEFAULT CELL_FLASH_CACHE DEFAULT)
  TABLESPACE "SYSTEM" ;

   COMMENT ON COLUMN "SYSTEM"."AS_MERCHANT"."AWS" IS 'AVERAGE WEEKLY SALES';
--------------------------------------------------------
--  DDL for Table AS_RISK_ENGINE
--------------------------------------------------------

  CREATE TABLE "SYSTEM"."AS_RISK_ENGINE" 
   (	"MERCHANT_RISK_ID" NUMBER, 
	"CREDIT_WEIGHTAGE" NUMBER, 
	"MIN_CREDIT_FACTOR" NUMBER, 
	"MAX_CREDIT_FACTOR" NUMBER, 
	"MIN_LOAN_RATE" NUMBER, 
	"MAX_LOAN_RATE" NUMBER, 
	"LIGITATION_FACTOR" NUMBER, 
	"MIN_LIGITATION_FACTOR" NUMBER, 
	"MAX_LIGITATION_FACTOR" NUMBER, 
	"TOTAL_RISK_WEIGHTAGE" NUMBER, 
	"TOTAL_LOAN_WEIGHTAGE" NUMBER, 
	"VALID_FROM" DATE, 
	"VALID_TO" DATE
   ) PCTFREE 10 PCTUSED 40 INITRANS 1 MAXTRANS 255 
 NOCOMPRESS LOGGING
  STORAGE(INITIAL 65536 NEXT 1048576 MINEXTENTS 1 MAXEXTENTS 2147483645
  PCTINCREASE 0 FREELISTS 1 FREELIST GROUPS 1
  BUFFER_POOL DEFAULT FLASH_CACHE DEFAULT CELL_FLASH_CACHE DEFAULT)
  TABLESPACE "SYSTEM" ;
REM INSERTING into SYSTEM.AS_ACCOUNT
SET DEFINE OFF;
Insert into SYSTEM.AS_ACCOUNT (ACCOUNT_ID,ACCOUNT_NAME,DISTRICT_ID,REGION,CITY,RATIO_URBAN,AVG_SALARY,DATE_CREATED,CUSTOMER_ID,MERCHANT_ID) values (1,'James_David',81000,'Kulai','Taman ABC',4009670,4564,to_date('04/06/2020','DD/MM/RRRR'),1,1);
Insert into SYSTEM.AS_ACCOUNT (ACCOUNT_ID,ACCOUNT_NAME,DISTRICT_ID,REGION,CITY,RATIO_URBAN,AVG_SALARY,DATE_CREATED,CUSTOMER_ID,MERCHANT_ID) values (2,'Robert_William',70100,'Seremban','Taman SEA',1199974,3255,to_date('09/06/2021','DD/MM/RRRR'),2,2);
Insert into SYSTEM.AS_ACCOUNT (ACCOUNT_ID,ACCOUNT_NAME,DISTRICT_ID,REGION,CITY,RATIO_URBAN,AVG_SALARY,DATE_CREATED,CUSTOMER_ID,MERCHANT_ID) values (3,'John_Richard',6101,'Changloon','Taman Senyum',2131427,3468,to_date('19/08/2021','DD/MM/RRRR'),3,3);
Insert into SYSTEM.AS_ACCOUNT (ACCOUNT_ID,ACCOUNT_NAME,DISTRICT_ID,REGION,CITY,RATIO_URBAN,AVG_SALARY,DATE_CREATED,CUSTOMER_ID,MERCHANT_ID) values (4,'Michael_Joseph',17610,'Kuala Balah','Taman Julia',1792501,5612,to_date('06/12/2022','DD/MM/RRRR'),4,4);
Insert into SYSTEM.AS_ACCOUNT (ACCOUNT_ID,ACCOUNT_NAME,DISTRICT_ID,REGION,CITY,RATIO_URBAN,AVG_SALARY,DATE_CREATED,CUSTOMER_ID,MERCHANT_ID) values (5,'Mary_Elizabeth',75450,'Ayer Keroh','Taman Yang',998428,3926,to_date('03/12/2020','DD/MM/RRRR'),5,5);
Insert into SYSTEM.AS_ACCOUNT (ACCOUNT_ID,ACCOUNT_NAME,DISTRICT_ID,REGION,CITY,RATIO_URBAN,AVG_SALARY,DATE_CREATED,CUSTOMER_ID,MERCHANT_ID) values (6,'Patricia_Barbara',11100,'Batu Feringgi','Taman Solisa',1740405,4326,to_date('04/09/2016','DD/MM/RRRR'),6,6);
Insert into SYSTEM.AS_ACCOUNT (ACCOUNT_ID,ACCOUNT_NAME,DISTRICT_ID,REGION,CITY,RATIO_URBAN,AVG_SALARY,DATE_CREATED,CUSTOMER_ID,MERCHANT_ID) values (7,'Jennifer_Susan',88858,'Tanjung Aru','Taman Qarau',3418785,3468,to_date('09/07/2017','DD/MM/RRRR'),7,7);
Insert into SYSTEM.AS_ACCOUNT (ACCOUNT_ID,ACCOUNT_NAME,DISTRICT_ID,REGION,CITY,RATIO_URBAN,AVG_SALARY,DATE_CREATED,CUSTOMER_ID,MERCHANT_ID) values (8,'Linda_Jessica',43200,'Cheras','Taman Bahagia',6994423,6102,to_date('16/10/2022','DD/MM/RRRR'),8,8);
REM INSERTING into SYSTEM.AS_CUSTOMER
SET DEFINE OFF;
Insert into SYSTEM.AS_CUSTOMER (CUSTOMER_ID,CUSTOMER_FIRST_NAME,CUSTOMER_LAST_NAME,CUSTOMER_CONTACT_NUM,CUSTOMER_EMAIL,CUST_CURR_ADD,CUST_HOME_ADD,CUST_DOB,CUST_EMPLOYMENT_ID,POSTING_DATE,EMPLOYMENT_TYPE,PROFESSION_TYPE,EXP_IN_PROFESSION_YEAR,TENURE_WITH_CURR_EMPLOYER,EMPLOYMENT_DESC) values (1,'James','David','+60123456789','James@gmail.com','1,Jalan Aman,Taman ABC,81000 Kulai,Johor','1,Jalan Aman,Taman ABC,81000 Kulai,Johor',to_date('19/01/1976','DD/MM/RRRR'),'M789',to_date('01/01/2020','DD/MM/RRRR'),'Full-time contracts','accountants',20,5,'Corporate accounting');
Insert into SYSTEM.AS_CUSTOMER (CUSTOMER_ID,CUSTOMER_FIRST_NAME,CUSTOMER_LAST_NAME,CUSTOMER_CONTACT_NUM,CUSTOMER_EMAIL,CUST_CURR_ADD,CUST_HOME_ADD,CUST_DOB,CUST_EMPLOYMENT_ID,POSTING_DATE,EMPLOYMENT_TYPE,PROFESSION_TYPE,EXP_IN_PROFESSION_YEAR,TENURE_WITH_CURR_EMPLOYER,EMPLOYMENT_DESC) values (2,'Robert','William','+60234567891','Robert@gmail.com','3,Jalan Camar 13,Taman SEA,70100 Seremban, N.S','3,Jalan Camar 13,Taman SEA,70100 Seremban, N.S',to_date('05/03/1976','DD/MM/RRRR'),'P147',to_date('08/02/2021','DD/MM/RRRR'),'Full-time contracts','engineers',18,5,'Data Scientist');
Insert into SYSTEM.AS_CUSTOMER (CUSTOMER_ID,CUSTOMER_FIRST_NAME,CUSTOMER_LAST_NAME,CUSTOMER_CONTACT_NUM,CUSTOMER_EMAIL,CUST_CURR_ADD,CUST_HOME_ADD,CUST_DOB,CUST_EMPLOYMENT_ID,POSTING_DATE,EMPLOYMENT_TYPE,PROFESSION_TYPE,EXP_IN_PROFESSION_YEAR,TENURE_WITH_CURR_EMPLOYER,EMPLOYMENT_DESC) values (3,'John','Richard','+60345678912','John@gmail.com','9,Jalan Happy,Taman Senyum,06101 Changloon,Kedah','9,Jalan Happy,Taman Senyum,06101 Changloon,Kedah',to_date('09/06/1989','DD/MM/RRRR'),'J963',to_date('09/03/2021','DD/MM/RRRR'),'Part-time contracts','mechanics',10,5,'Auto Mechanics');
Insert into SYSTEM.AS_CUSTOMER (CUSTOMER_ID,CUSTOMER_FIRST_NAME,CUSTOMER_LAST_NAME,CUSTOMER_CONTACT_NUM,CUSTOMER_EMAIL,CUST_CURR_ADD,CUST_HOME_ADD,CUST_DOB,CUST_EMPLOYMENT_ID,POSTING_DATE,EMPLOYMENT_TYPE,PROFESSION_TYPE,EXP_IN_PROFESSION_YEAR,TENURE_WITH_CURR_EMPLOYER,EMPLOYMENT_DESC) values (4,'Michael','Joseph','+60456789123','Michael@gmail.com','8,Jalan Jolus,Taman Julia,17610 Kuala Balah,Kelantan','8,Jalan Jolus,Taman Julia,17610 Kuala Balah,Kelantan',to_date('07/05/1984','DD/MM/RRRR'),'Y753',to_date('09/09/2022','DD/MM/RRRR'),'Full-time contracts','accountants',13,5,'Corporate accounting');
Insert into SYSTEM.AS_CUSTOMER (CUSTOMER_ID,CUSTOMER_FIRST_NAME,CUSTOMER_LAST_NAME,CUSTOMER_CONTACT_NUM,CUSTOMER_EMAIL,CUST_CURR_ADD,CUST_HOME_ADD,CUST_DOB,CUST_EMPLOYMENT_ID,POSTING_DATE,EMPLOYMENT_TYPE,PROFESSION_TYPE,EXP_IN_PROFESSION_YEAR,TENURE_WITH_CURR_EMPLOYER,EMPLOYMENT_DESC) values (5,'Mary','Elizabeth','+60567891234','Mary@gmail.com','3597, Jalan Pertama, Taman Yang 75450 Ayer Keroh, Melaka','3597, Jalan Pertama, Taman Yang 75450 Ayer Keroh, Melaka',to_date('06/07/1959','DD/MM/RRRR'),'R957',to_date('04/07/2020','DD/MM/RRRR'),'Part-time contracts','mechanics',36,5,'Auto Mechanics');
Insert into SYSTEM.AS_CUSTOMER (CUSTOMER_ID,CUSTOMER_FIRST_NAME,CUSTOMER_LAST_NAME,CUSTOMER_CONTACT_NUM,CUSTOMER_EMAIL,CUST_CURR_ADD,CUST_HOME_ADD,CUST_DOB,CUST_EMPLOYMENT_ID,POSTING_DATE,EMPLOYMENT_TYPE,PROFESSION_TYPE,EXP_IN_PROFESSION_YEAR,TENURE_WITH_CURR_EMPLOYER,EMPLOYMENT_DESC) values (6,'Patricia','Barbara','+60678912345','Patricia@gmail.com','6491, Jalan Merlis, Taman Solisa, 11100 Batu Feringgi ,Pulau Pinang','6491, Jalan Merlis, Taman Solisa, 11100 Batu Feringgi ,Pulau Pinang',to_date('18/04/1985','DD/MM/RRRR'),'T527',to_date('09/05/2016','DD/MM/RRRR'),'Full-time contracts','engineers',12,5,'Software engineer');
Insert into SYSTEM.AS_CUSTOMER (CUSTOMER_ID,CUSTOMER_FIRST_NAME,CUSTOMER_LAST_NAME,CUSTOMER_CONTACT_NUM,CUSTOMER_EMAIL,CUST_CURR_ADD,CUST_HOME_ADD,CUST_DOB,CUST_EMPLOYMENT_ID,POSTING_DATE,EMPLOYMENT_TYPE,PROFESSION_TYPE,EXP_IN_PROFESSION_YEAR,TENURE_WITH_CURR_EMPLOYER,EMPLOYMENT_DESC) values (7,'Jennifer','Susan','+60789123456','Jennifer@gmail.com','456, Jalan Tanjung, Taman Qarau, 88858 Tanjung Aru, Sabah','456, Jalan Tanjung, Taman Qarau, 88858 Tanjung Aru, Sabah',to_date('03/08/1977','DD/MM/RRRR'),'K258',to_date('04/06/2017','DD/MM/RRRR'),'Full-time contracts','accountants',14,5,'Corporate accounting');
Insert into SYSTEM.AS_CUSTOMER (CUSTOMER_ID,CUSTOMER_FIRST_NAME,CUSTOMER_LAST_NAME,CUSTOMER_CONTACT_NUM,CUSTOMER_EMAIL,CUST_CURR_ADD,CUST_HOME_ADD,CUST_DOB,CUST_EMPLOYMENT_ID,POSTING_DATE,EMPLOYMENT_TYPE,PROFESSION_TYPE,EXP_IN_PROFESSION_YEAR,TENURE_WITH_CURR_EMPLOYER,EMPLOYMENT_DESC) values (8,'Linda','Jessica','+60891234567','Linda@gmail.com','0617, Jalan Bahagia, Taman Bahagia, 43200 Cheras, Selangor','0617, Jalan Bahagia, Taman Bahagia, 43200 Cheras, Selangor',to_date('16/07/1992','DD/MM/RRRR'),'B7469',to_date('01/05/2022','DD/MM/RRRR'),'Full-time contracts','engineers',6,5,'Software engineer');
REM INSERTING into SYSTEM.AS_MERCHANT
SET DEFINE OFF;
Insert into SYSTEM.AS_MERCHANT (MERCHANT_ID,MERCHANT_NAME,SSM,AWS,MERCHANT_EMAIL) values (1,'EXOTIC','EXOTIC Sdn. Bhd.','1234','exotic@gmail.com');
Insert into SYSTEM.AS_MERCHANT (MERCHANT_ID,MERCHANT_NAME,SSM,AWS,MERCHANT_EMAIL) values (2,'LISABEUTY','LISABEUTY Sdn. Bhd.','1642','lisabeauty@gmail.com');
Insert into SYSTEM.AS_MERCHANT (MERCHANT_ID,MERCHANT_NAME,SSM,AWS,MERCHANT_EMAIL) values (3,'ENHYPEN','ENHYPEN Sdn. Bhd.','924','enhypen@gmail.com');
Insert into SYSTEM.AS_MERCHANT (MERCHANT_ID,MERCHANT_NAME,SSM,AWS,MERCHANT_EMAIL) values (4,'TXT','TXT Sdn. Bhd.','3697','txt@gmail.com');
Insert into SYSTEM.AS_MERCHANT (MERCHANT_ID,MERCHANT_NAME,SSM,AWS,MERCHANT_EMAIL) values (5,'GGD','GGD Sdn. Bhd.','2452','ggd@gmail.com');
Insert into SYSTEM.AS_MERCHANT (MERCHANT_ID,MERCHANT_NAME,SSM,AWS,MERCHANT_EMAIL) values (6,'LSF','LSF Sdn. Bhd.','3175','lsf@gmail.com');
Insert into SYSTEM.AS_MERCHANT (MERCHANT_ID,MERCHANT_NAME,SSM,AWS,MERCHANT_EMAIL) values (7,'LOLICON','LOLICON Sdn. Bhd.','998','lolicon@gmail.com');
Insert into SYSTEM.AS_MERCHANT (MERCHANT_ID,MERCHANT_NAME,SSM,AWS,MERCHANT_EMAIL) values (8,'POLO','POLO Sdn. Bhd.','3542','polo@gmail.com');
REM INSERTING into SYSTEM.AS_RISK_ENGINE
SET DEFINE OFF;
Insert into SYSTEM.AS_RISK_ENGINE (MERCHANT_RISK_ID,CREDIT_WEIGHTAGE,MIN_CREDIT_FACTOR,MAX_CREDIT_FACTOR,MIN_LOAN_RATE,MAX_LOAN_RATE,LIGITATION_FACTOR,MIN_LIGITATION_FACTOR,MAX_LIGITATION_FACTOR,TOTAL_RISK_WEIGHTAGE,TOTAL_LOAN_WEIGHTAGE,VALID_FROM,VALID_TO) values (1,62,40,84,2,3,1,1,2,20,60,to_date('01/01/2020','DD/MM/RRRR'),to_date('01/06/2020','DD/MM/RRRR'));
Insert into SYSTEM.AS_RISK_ENGINE (MERCHANT_RISK_ID,CREDIT_WEIGHTAGE,MIN_CREDIT_FACTOR,MAX_CREDIT_FACTOR,MIN_LOAN_RATE,MAX_LOAN_RATE,LIGITATION_FACTOR,MIN_LIGITATION_FACTOR,MAX_LIGITATION_FACTOR,TOTAL_RISK_WEIGHTAGE,TOTAL_LOAN_WEIGHTAGE,VALID_FROM,VALID_TO) values (2,67,50,85,3,4,1,1,2,10,60,to_date('01/02/2020','DD/MM/RRRR'),to_date('01/07/2020','DD/MM/RRRR'));
Insert into SYSTEM.AS_RISK_ENGINE (MERCHANT_RISK_ID,CREDIT_WEIGHTAGE,MIN_CREDIT_FACTOR,MAX_CREDIT_FACTOR,MIN_LOAN_RATE,MAX_LOAN_RATE,LIGITATION_FACTOR,MIN_LIGITATION_FACTOR,MAX_LIGITATION_FACTOR,TOTAL_RISK_WEIGHTAGE,TOTAL_LOAN_WEIGHTAGE,VALID_FROM,VALID_TO) values (3,65,55,75,2,2,1,1,2,14,50,to_date('01/03/2020','DD/MM/RRRR'),to_date('01/08/2020','DD/MM/RRRR'));
Insert into SYSTEM.AS_RISK_ENGINE (MERCHANT_RISK_ID,CREDIT_WEIGHTAGE,MIN_CREDIT_FACTOR,MAX_CREDIT_FACTOR,MIN_LOAN_RATE,MAX_LOAN_RATE,LIGITATION_FACTOR,MIN_LIGITATION_FACTOR,MAX_LIGITATION_FACTOR,TOTAL_RISK_WEIGHTAGE,TOTAL_LOAN_WEIGHTAGE,VALID_FROM,VALID_TO) values (4,57,40,75,1,1,1,1,2,12,40,to_date('01/04/2020','DD/MM/RRRR'),to_date('01/09/2020','DD/MM/RRRR'));
Insert into SYSTEM.AS_RISK_ENGINE (MERCHANT_RISK_ID,CREDIT_WEIGHTAGE,MIN_CREDIT_FACTOR,MAX_CREDIT_FACTOR,MIN_LOAN_RATE,MAX_LOAN_RATE,LIGITATION_FACTOR,MIN_LIGITATION_FACTOR,MAX_LIGITATION_FACTOR,TOTAL_RISK_WEIGHTAGE,TOTAL_LOAN_WEIGHTAGE,VALID_FROM,VALID_TO) values (5,62,45,80,2,3,1,1,2,20,55,to_date('01/05/2020','DD/MM/RRRR'),to_date('01/10/2020','DD/MM/RRRR'));
Insert into SYSTEM.AS_RISK_ENGINE (MERCHANT_RISK_ID,CREDIT_WEIGHTAGE,MIN_CREDIT_FACTOR,MAX_CREDIT_FACTOR,MIN_LOAN_RATE,MAX_LOAN_RATE,LIGITATION_FACTOR,MIN_LIGITATION_FACTOR,MAX_LIGITATION_FACTOR,TOTAL_RISK_WEIGHTAGE,TOTAL_LOAN_WEIGHTAGE,VALID_FROM,VALID_TO) values (6,60,50,70,2,3,1,1,2,22,30,to_date('01/06/2020','DD/MM/RRRR'),to_date('01/11/2020','DD/MM/RRRR'));
Insert into SYSTEM.AS_RISK_ENGINE (MERCHANT_RISK_ID,CREDIT_WEIGHTAGE,MIN_CREDIT_FACTOR,MAX_CREDIT_FACTOR,MIN_LOAN_RATE,MAX_LOAN_RATE,LIGITATION_FACTOR,MIN_LIGITATION_FACTOR,MAX_LIGITATION_FACTOR,TOTAL_RISK_WEIGHTAGE,TOTAL_LOAN_WEIGHTAGE,VALID_FROM,VALID_TO) values (7,60,54,66,2,3,1,1,2,22,40,to_date('01/07/2020','DD/MM/RRRR'),to_date('01/12/2020','DD/MM/RRRR'));
Insert into SYSTEM.AS_RISK_ENGINE (MERCHANT_RISK_ID,CREDIT_WEIGHTAGE,MIN_CREDIT_FACTOR,MAX_CREDIT_FACTOR,MIN_LOAN_RATE,MAX_LOAN_RATE,LIGITATION_FACTOR,MIN_LIGITATION_FACTOR,MAX_LIGITATION_FACTOR,TOTAL_RISK_WEIGHTAGE,TOTAL_LOAN_WEIGHTAGE,VALID_FROM,VALID_TO) values (8,60,39,81,2,3,1,1,2,22,50,to_date('01/08/2020','DD/MM/RRRR'),to_date('01/01/2021','DD/MM/RRRR'));
--------------------------------------------------------
--  DDL for Index AS_ACCOUNT_PK
--------------------------------------------------------

  CREATE UNIQUE INDEX "SYSTEM"."AS_ACCOUNT_PK" ON "SYSTEM"."AS_ACCOUNT" ("ACCOUNT_ID") 
  PCTFREE 10 INITRANS 2 MAXTRANS 255 COMPUTE STATISTICS 
  STORAGE(INITIAL 65536 NEXT 1048576 MINEXTENTS 1 MAXEXTENTS 2147483645
  PCTINCREASE 0 FREELISTS 1 FREELIST GROUPS 1
  BUFFER_POOL DEFAULT FLASH_CACHE DEFAULT CELL_FLASH_CACHE DEFAULT)
  TABLESPACE "SYSTEM" ;
--------------------------------------------------------
--  DDL for Index AS_CUSTOMER_PK
--------------------------------------------------------

  CREATE UNIQUE INDEX "SYSTEM"."AS_CUSTOMER_PK" ON "SYSTEM"."AS_CUSTOMER" ("CUSTOMER_ID") 
  PCTFREE 10 INITRANS 2 MAXTRANS 255 COMPUTE STATISTICS 
  STORAGE(INITIAL 65536 NEXT 1048576 MINEXTENTS 1 MAXEXTENTS 2147483645
  PCTINCREASE 0 FREELISTS 1 FREELIST GROUPS 1
  BUFFER_POOL DEFAULT FLASH_CACHE DEFAULT CELL_FLASH_CACHE DEFAULT)
  TABLESPACE "SYSTEM" ;
--------------------------------------------------------
--  DDL for Index AS_MERCHANT_PK
--------------------------------------------------------

  CREATE UNIQUE INDEX "SYSTEM"."AS_MERCHANT_PK" ON "SYSTEM"."AS_MERCHANT" ("MERCHANT_ID") 
  PCTFREE 10 INITRANS 2 MAXTRANS 255 COMPUTE STATISTICS 
  STORAGE(INITIAL 65536 NEXT 1048576 MINEXTENTS 1 MAXEXTENTS 2147483645
  PCTINCREASE 0 FREELISTS 1 FREELIST GROUPS 1
  BUFFER_POOL DEFAULT FLASH_CACHE DEFAULT CELL_FLASH_CACHE DEFAULT)
  TABLESPACE "SYSTEM" ;
--------------------------------------------------------
--  DDL for Index AS_RISK_ENGINE_PK
--------------------------------------------------------

  CREATE UNIQUE INDEX "SYSTEM"."AS_RISK_ENGINE_PK" ON "SYSTEM"."AS_RISK_ENGINE" ("MERCHANT_RISK_ID") 
  PCTFREE 10 INITRANS 2 MAXTRANS 255 COMPUTE STATISTICS 
  STORAGE(INITIAL 65536 NEXT 1048576 MINEXTENTS 1 MAXEXTENTS 2147483645
  PCTINCREASE 0 FREELISTS 1 FREELIST GROUPS 1
  BUFFER_POOL DEFAULT FLASH_CACHE DEFAULT CELL_FLASH_CACHE DEFAULT)
  TABLESPACE "SYSTEM" ;
--------------------------------------------------------
--  Constraints for Table AS_ACCOUNT
--------------------------------------------------------

  ALTER TABLE "SYSTEM"."AS_ACCOUNT" ADD CONSTRAINT "AS_ACCOUNT_PK" PRIMARY KEY ("ACCOUNT_ID")
  USING INDEX "SYSTEM"."AS_ACCOUNT_PK"  ENABLE;
  ALTER TABLE "SYSTEM"."AS_ACCOUNT" MODIFY ("DATE_CREATED" NOT NULL ENABLE);
  ALTER TABLE "SYSTEM"."AS_ACCOUNT" MODIFY ("AVG_SALARY" NOT NULL ENABLE);
  ALTER TABLE "SYSTEM"."AS_ACCOUNT" MODIFY ("RATIO_URBAN" NOT NULL ENABLE);
  ALTER TABLE "SYSTEM"."AS_ACCOUNT" MODIFY ("CITY" NOT NULL ENABLE);
  ALTER TABLE "SYSTEM"."AS_ACCOUNT" MODIFY ("REGION" NOT NULL ENABLE);
  ALTER TABLE "SYSTEM"."AS_ACCOUNT" MODIFY ("DISTRICT_ID" NOT NULL ENABLE);
  ALTER TABLE "SYSTEM"."AS_ACCOUNT" MODIFY ("ACCOUNT_NAME" NOT NULL ENABLE);
  ALTER TABLE "SYSTEM"."AS_ACCOUNT" MODIFY ("ACCOUNT_ID" NOT NULL ENABLE);
--------------------------------------------------------
--  Constraints for Table AS_CUSTOMER
--------------------------------------------------------

  ALTER TABLE "SYSTEM"."AS_CUSTOMER" ADD CONSTRAINT "AS_CUSTOMER_PK" PRIMARY KEY ("CUSTOMER_ID")
  USING INDEX "SYSTEM"."AS_CUSTOMER_PK"  ENABLE;
  ALTER TABLE "SYSTEM"."AS_CUSTOMER" MODIFY ("EMPLOYMENT_DESC" NOT NULL ENABLE);
  ALTER TABLE "SYSTEM"."AS_CUSTOMER" MODIFY ("TENURE_WITH_CURR_EMPLOYER" NOT NULL ENABLE);
  ALTER TABLE "SYSTEM"."AS_CUSTOMER" MODIFY ("EXP_IN_PROFESSION_YEAR" NOT NULL ENABLE);
  ALTER TABLE "SYSTEM"."AS_CUSTOMER" MODIFY ("PROFESSION_TYPE" NOT NULL ENABLE);
  ALTER TABLE "SYSTEM"."AS_CUSTOMER" MODIFY ("EMPLOYMENT_TYPE" NOT NULL ENABLE);
  ALTER TABLE "SYSTEM"."AS_CUSTOMER" MODIFY ("POSTING_DATE" NOT NULL ENABLE);
  ALTER TABLE "SYSTEM"."AS_CUSTOMER" MODIFY ("CUST_EMPLOYMENT_ID" NOT NULL ENABLE);
  ALTER TABLE "SYSTEM"."AS_CUSTOMER" MODIFY ("CUST_DOB" NOT NULL ENABLE);
  ALTER TABLE "SYSTEM"."AS_CUSTOMER" MODIFY ("CUST_HOME_ADD" NOT NULL ENABLE);
  ALTER TABLE "SYSTEM"."AS_CUSTOMER" MODIFY ("CUST_CURR_ADD" NOT NULL ENABLE);
  ALTER TABLE "SYSTEM"."AS_CUSTOMER" MODIFY ("CUSTOMER_EMAIL" NOT NULL ENABLE);
  ALTER TABLE "SYSTEM"."AS_CUSTOMER" MODIFY ("CUSTOMER_CONTACT_NUM" NOT NULL ENABLE);
  ALTER TABLE "SYSTEM"."AS_CUSTOMER" MODIFY ("CUSTOMER_LAST_NAME" NOT NULL ENABLE);
  ALTER TABLE "SYSTEM"."AS_CUSTOMER" MODIFY ("CUSTOMER_FIRST_NAME" NOT NULL ENABLE);
  ALTER TABLE "SYSTEM"."AS_CUSTOMER" MODIFY ("CUSTOMER_ID" NOT NULL ENABLE);
--------------------------------------------------------
--  Constraints for Table AS_MERCHANT
--------------------------------------------------------

  ALTER TABLE "SYSTEM"."AS_MERCHANT" ADD CONSTRAINT "AS_MERCHANT_PK" PRIMARY KEY ("MERCHANT_ID")
  USING INDEX "SYSTEM"."AS_MERCHANT_PK"  ENABLE;
  ALTER TABLE "SYSTEM"."AS_MERCHANT" MODIFY ("AWS" NOT NULL ENABLE);
  ALTER TABLE "SYSTEM"."AS_MERCHANT" MODIFY ("SSM" NOT NULL ENABLE);
  ALTER TABLE "SYSTEM"."AS_MERCHANT" MODIFY ("MERCHANT_NAME" NOT NULL ENABLE);
  ALTER TABLE "SYSTEM"."AS_MERCHANT" MODIFY ("MERCHANT_ID" NOT NULL ENABLE);
  ALTER TABLE "SYSTEM"."AS_MERCHANT" MODIFY ("MERCHANT_EMAIL" NOT NULL ENABLE);
--------------------------------------------------------
--  Constraints for Table AS_RISK_ENGINE
--------------------------------------------------------

  ALTER TABLE "SYSTEM"."AS_RISK_ENGINE" ADD CONSTRAINT "AS_RISK_ENGINE_PK" PRIMARY KEY ("MERCHANT_RISK_ID")
  USING INDEX "SYSTEM"."AS_RISK_ENGINE_PK"  ENABLE;
  ALTER TABLE "SYSTEM"."AS_RISK_ENGINE" MODIFY ("VALID_TO" NOT NULL ENABLE);
  ALTER TABLE "SYSTEM"."AS_RISK_ENGINE" MODIFY ("VALID_FROM" NOT NULL ENABLE);
  ALTER TABLE "SYSTEM"."AS_RISK_ENGINE" MODIFY ("TOTAL_LOAN_WEIGHTAGE" NOT NULL ENABLE);
  ALTER TABLE "SYSTEM"."AS_RISK_ENGINE" MODIFY ("TOTAL_RISK_WEIGHTAGE" NOT NULL ENABLE);
  ALTER TABLE "SYSTEM"."AS_RISK_ENGINE" MODIFY ("MAX_LIGITATION_FACTOR" NOT NULL ENABLE);
  ALTER TABLE "SYSTEM"."AS_RISK_ENGINE" MODIFY ("MIN_LIGITATION_FACTOR" NOT NULL ENABLE);
  ALTER TABLE "SYSTEM"."AS_RISK_ENGINE" MODIFY ("LIGITATION_FACTOR" NOT NULL ENABLE);
  ALTER TABLE "SYSTEM"."AS_RISK_ENGINE" MODIFY ("MAX_LOAN_RATE" NOT NULL ENABLE);
  ALTER TABLE "SYSTEM"."AS_RISK_ENGINE" MODIFY ("MIN_LOAN_RATE" NOT NULL ENABLE);
  ALTER TABLE "SYSTEM"."AS_RISK_ENGINE" MODIFY ("MAX_CREDIT_FACTOR" NOT NULL ENABLE);
  ALTER TABLE "SYSTEM"."AS_RISK_ENGINE" MODIFY ("MIN_CREDIT_FACTOR" NOT NULL ENABLE);
  ALTER TABLE "SYSTEM"."AS_RISK_ENGINE" MODIFY ("CREDIT_WEIGHTAGE" NOT NULL ENABLE);
  ALTER TABLE "SYSTEM"."AS_RISK_ENGINE" MODIFY ("MERCHANT_RISK_ID" NOT NULL ENABLE);
--------------------------------------------------------
--  Ref Constraints for Table AS_ACCOUNT
--------------------------------------------------------

  ALTER TABLE "SYSTEM"."AS_ACCOUNT" ADD CONSTRAINT "CUSTOMER_FK2" FOREIGN KEY ("CUSTOMER_ID")
	  REFERENCES "SYSTEM"."AS_CUSTOMER" ("CUSTOMER_ID") ENABLE;
  ALTER TABLE "SYSTEM"."AS_ACCOUNT" ADD CONSTRAINT "MERCHANT_FK6" FOREIGN KEY ("MERCHANT_ID")
	  REFERENCES "SYSTEM"."AS_MERCHANT" ("MERCHANT_ID") ENABLE;
