--------------------------------------------------------
--  File created - Monday-December-26-2022   
--------------------------------------------------------
--------------------------------------------------------
--  DDL for Table AS_ACCOUNT
--------------------------------------------------------

  CREATE TABLE "SYSTEM"."AS_ACCOUNT" 
   (	"ACCOUNT_ID" NUMBER, 
	"ACCOUNT_NAME" VARCHAR2(20 BYTE), 
	"DISTRICT_ID" NUMBER, 
	"REGION" VARCHAR2(20 BYTE), 
	"CITY" VARCHAR2(20 BYTE), 
	"RATIO_URBAN" NUMBER, 
	"AVG_SALARY" FLOAT(126), 
	"DATE_CREATED" DATE, 
	"CUSTOMER_ID" NUMBER, 
	"MERCHANT_ID" NUMBER
   ) PCTFREE 10 PCTUSED 40 INITRANS 1 MAXTRANS 255 NOCOMPRESS LOGGING
  STORAGE(INITIAL 65536 NEXT 1048576 MINEXTENTS 1 MAXEXTENTS 2147483645
  PCTINCREASE 0 FREELISTS 1 FREELIST GROUPS 1 BUFFER_POOL DEFAULT FLASH_CACHE DEFAULT CELL_FLASH_CACHE DEFAULT)
  TABLESPACE "SYSTEM" ;
--------------------------------------------------------
--  DDL for Table AS_BUSINESS_PRODUCT_OWNER
--------------------------------------------------------

  CREATE TABLE "SYSTEM"."AS_BUSINESS_PRODUCT_OWNER" 
   (	"BUSINESS_ID" NUMBER(4,0), 
	"BUSINESS_NAME" VARCHAR2(20 BYTE), 
	"BUSINESS_TYPE" VARCHAR2(20 BYTE), 
	"CONTACT_EMAIL" VARCHAR2(20 BYTE), 
	"CURRENT_ADDRESS" VARCHAR2(50 BYTE), 
	"OFFICE_ADDRESS" VARCHAR2(50 BYTE), 
	"CONTACT_NUMBER" VARCHAR2(20 BYTE)
   ) PCTFREE 10 PCTUSED 40 INITRANS 1 MAXTRANS 255 NOCOMPRESS LOGGING
  STORAGE(INITIAL 65536 NEXT 1048576 MINEXTENTS 1 MAXEXTENTS 2147483645
  PCTINCREASE 0 FREELISTS 1 FREELIST GROUPS 1 BUFFER_POOL DEFAULT FLASH_CACHE DEFAULT CELL_FLASH_CACHE DEFAULT)
  TABLESPACE "SYSTEM" ;
--------------------------------------------------------
--  DDL for Table AS_CAPITAL_ENGINE
--------------------------------------------------------

  CREATE TABLE "SYSTEM"."AS_CAPITAL_ENGINE" 
   (	"CE_ID" NUMBER, 
	"TITLE" VARCHAR2(20 BYTE), 
	"DESCRIPTION" VARCHAR2(200 BYTE), 
	"MIN_ROI_RATE" FLOAT(126), 
	"THRESHOLD_AMOUNT" NUMBER, 
	"COLUMN1" VARCHAR2(20 BYTE)
   ) PCTFREE 10 PCTUSED 40 INITRANS 1 MAXTRANS 255 NOCOMPRESS LOGGING
  STORAGE(INITIAL 65536 NEXT 1048576 MINEXTENTS 1 MAXEXTENTS 2147483645
  PCTINCREASE 0 FREELISTS 1 FREELIST GROUPS 1 BUFFER_POOL DEFAULT FLASH_CACHE DEFAULT CELL_FLASH_CACHE DEFAULT)
  TABLESPACE "SYSTEM" ;
--------------------------------------------------------
--  DDL for Table AS_CAPITAL_MANAGEMENT
--------------------------------------------------------

  CREATE TABLE "SYSTEM"."AS_CAPITAL_MANAGEMENT" 
   (	"CM_ID" NUMBER, 
	"SOURCE" VARCHAR2(20 BYTE), 
	"CAPITAL_AMOUNT" NUMBER, 
	"ROI" NUMBER, 
	"CE_ID" NUMBER, 
	"BUSINESS_ID" NUMBER(4,0)
   ) PCTFREE 10 PCTUSED 40 INITRANS 1 MAXTRANS 255 NOCOMPRESS LOGGING
  STORAGE(INITIAL 65536 NEXT 1048576 MINEXTENTS 1 MAXEXTENTS 2147483645
  PCTINCREASE 0 FREELISTS 1 FREELIST GROUPS 1 BUFFER_POOL DEFAULT FLASH_CACHE DEFAULT CELL_FLASH_CACHE DEFAULT)
  TABLESPACE "SYSTEM" ;
--------------------------------------------------------
--  DDL for Table AS_CUSTOMER
--------------------------------------------------------

  CREATE TABLE "SYSTEM"."AS_CUSTOMER" 
   (	"CUSTOMER_ID" NUMBER, 
	"CUSTOMER_FIRST_NAME" VARCHAR2(20 BYTE), 
	"CUSTOMER_LAST_NAME" VARCHAR2(20 BYTE), 
	"CUSTOMER_CONTACT_NUM" VARCHAR2(20 BYTE), 
	"CUSTOMER_EMAIL" VARCHAR2(20 BYTE), 
	"CUST_CURR_ADD" VARCHAR2(20 BYTE), 
	"CUST_HOME_ADD" VARCHAR2(20 BYTE), 
	"CUST_DOB" VARCHAR2(20 BYTE), 
	"CUST_EMPLOYMENT_ID" VARCHAR2(20 BYTE), 
	"POSTING_DATE" VARCHAR2(20 BYTE), 
	"EMPLOYMENT_TYPE" VARCHAR2(20 BYTE), 
	"PROFESSION_TYPE" VARCHAR2(20 BYTE), 
	"EXP_IN_PROFESSION_YEAR" NUMBER, 
	"TENURE_WITH_CURR_EMPLOYER" NUMBER, 
	"EMPLOYMENT_DESC" VARCHAR2(20 BYTE)
   ) PCTFREE 10 PCTUSED 40 INITRANS 1 MAXTRANS 255 NOCOMPRESS LOGGING
  STORAGE(INITIAL 65536 NEXT 1048576 MINEXTENTS 1 MAXEXTENTS 2147483645
  PCTINCREASE 0 FREELISTS 1 FREELIST GROUPS 1 BUFFER_POOL DEFAULT FLASH_CACHE DEFAULT CELL_FLASH_CACHE DEFAULT)
  TABLESPACE "SYSTEM" ;
--------------------------------------------------------
--  DDL for Table AS_FINANCING_ENGINE
--------------------------------------------------------

  CREATE TABLE "SYSTEM"."AS_FINANCING_ENGINE" 
   (	"FE_ID" NUMBER, 
	"FE_TITLE" VARCHAR2(20 BYTE), 
	"DESCRIPTION" VARCHAR2(200 BYTE), 
	"AWS_RAMGE" VARCHAR2(20 BYTE), 
	"LOAN_RANGE" VARCHAR2(20 BYTE), 
	"MIN_LRP" NUMBER, 
	"DOCUMENT_CONF_ID" NUMBER, 
	"CONF_TITLE" VARCHAR2(20 BYTE), 
	"CONF_DESC" VARCHAR2(20 BYTE), 
	"COLUMN1" VARCHAR2(20 BYTE), 
	"FINANCE_SOURCE" VARCHAR2(20 BYTE), 
	"LOAN_ID" NUMBER, 
	"MRF" NUMBER, 
	"LRP_RATE" VARCHAR2(20 BYTE), 
	"COLUMN2" VARCHAR2(20 BYTE), 
	"PROCESSING_FEE" NUMBER, 
	"TENOR" NUMBER
   ) PCTFREE 10 PCTUSED 40 INITRANS 1 MAXTRANS 255 NOCOMPRESS LOGGING
  STORAGE(INITIAL 65536 NEXT 1048576 MINEXTENTS 1 MAXEXTENTS 2147483645
  PCTINCREASE 0 FREELISTS 1 FREELIST GROUPS 1 BUFFER_POOL DEFAULT FLASH_CACHE DEFAULT CELL_FLASH_CACHE DEFAULT)
  TABLESPACE "SYSTEM" ;

   COMMENT ON COLUMN "SYSTEM"."AS_FINANCING_ENGINE"."AWS_RAMGE" IS 'AVERAGE WEEKLY SALES RANGE';
   COMMENT ON COLUMN "SYSTEM"."AS_FINANCING_ENGINE"."MRF" IS 'MONTHLY REPAYMENT FREQUENCY';
   COMMENT ON COLUMN "SYSTEM"."AS_FINANCING_ENGINE"."TENOR" IS 'MONTHS';
--------------------------------------------------------
--  DDL for Table AS_INVESTMENT
--------------------------------------------------------

  CREATE TABLE "SYSTEM"."AS_INVESTMENT" 
   (	"BUSINESS_ID" NUMBER(4,0), 
	"INVESTOR_ID" NUMBER, 
	"INVESTMENT_DATE" DATE, 
	"INVESTED_AMOUNT" NUMBER
   ) PCTFREE 10 PCTUSED 40 INITRANS 1 MAXTRANS 255 NOCOMPRESS LOGGING
  STORAGE(INITIAL 65536 NEXT 1048576 MINEXTENTS 1 MAXEXTENTS 2147483645
  PCTINCREASE 0 FREELISTS 1 FREELIST GROUPS 1 BUFFER_POOL DEFAULT FLASH_CACHE DEFAULT CELL_FLASH_CACHE DEFAULT)
  TABLESPACE "SYSTEM" ;
--------------------------------------------------------
--  DDL for Table AS_INVESTOR
--------------------------------------------------------

  CREATE TABLE "SYSTEM"."AS_INVESTOR" 
   (	"INVESTOR_ID" NUMBER, 
	"FIRST_NAME" VARCHAR2(20 BYTE), 
	"LAST_NAME" VARCHAR2(20 BYTE), 
	"INVESTOR_CONTACT_NUMBER" VARCHAR2(20 BYTE), 
	"INVESTOR_EMAIL" VARCHAR2(20 BYTE)
   ) PCTFREE 10 PCTUSED 40 INITRANS 1 MAXTRANS 255 NOCOMPRESS LOGGING
  STORAGE(INITIAL 65536 NEXT 1048576 MINEXTENTS 1 MAXEXTENTS 2147483645
  PCTINCREASE 0 FREELISTS 1 FREELIST GROUPS 1 BUFFER_POOL DEFAULT FLASH_CACHE DEFAULT CELL_FLASH_CACHE DEFAULT)
  TABLESPACE "SYSTEM" ;
--------------------------------------------------------
--  DDL for Table AS_LOAN_MANAGEMENT
--------------------------------------------------------

  CREATE TABLE "SYSTEM"."AS_LOAN_MANAGEMENT" 
   (	"LOAN_MANAGEMENT_ID" NUMBER, 
	"RISK_FACTOR" NUMBER, 
	"LOAN_AMOUNT" NUMBER, 
	"CM_ID" NUMBER, 
	"FE_ID" NUMBER, 
	"MERCHANT_RISK_ID" NUMBER, 
	"MERCHANT_ID" NUMBER, 
	"AWS" NUMBER
   ) PCTFREE 10 PCTUSED 40 INITRANS 1 MAXTRANS 255 NOCOMPRESS LOGGING
  STORAGE(INITIAL 65536 NEXT 1048576 MINEXTENTS 1 MAXEXTENTS 2147483645
  PCTINCREASE 0 FREELISTS 1 FREELIST GROUPS 1 BUFFER_POOL DEFAULT FLASH_CACHE DEFAULT CELL_FLASH_CACHE DEFAULT)
  TABLESPACE "SYSTEM" ;
--------------------------------------------------------
--  DDL for Table AS_MER_CUST_TRANSACTION
--------------------------------------------------------

  CREATE TABLE "SYSTEM"."AS_MER_CUST_TRANSACTION" 
   (	"MERCHANT_ID" NUMBER, 
	"CUSTOMER_ID" NUMBER, 
	"TRANSACTION_DATE" DATE, 
	"PAYMENT_STATIS" VARCHAR2(20 BYTE), 
	"AMOUNT" NUMBER
   ) PCTFREE 10 PCTUSED 40 INITRANS 1 MAXTRANS 255 NOCOMPRESS LOGGING
  STORAGE(INITIAL 65536 NEXT 1048576 MINEXTENTS 1 MAXEXTENTS 2147483645
  PCTINCREASE 0 FREELISTS 1 FREELIST GROUPS 1 BUFFER_POOL DEFAULT FLASH_CACHE DEFAULT CELL_FLASH_CACHE DEFAULT)
  TABLESPACE "SYSTEM" ;
--------------------------------------------------------
--  DDL for Table AS_MERCHANT
--------------------------------------------------------

  CREATE TABLE "SYSTEM"."AS_MERCHANT" 
   (	"MERCHANT_ID" NUMBER, 
	"MERCHANT_NAME" VARCHAR2(20 BYTE), 
	"SSM" VARCHAR2(20 BYTE), 
	"AWS" VARCHAR2(20 BYTE)
   ) PCTFREE 10 PCTUSED 40 INITRANS 1 MAXTRANS 255 NOCOMPRESS LOGGING
  STORAGE(INITIAL 65536 NEXT 1048576 MINEXTENTS 1 MAXEXTENTS 2147483645
  PCTINCREASE 0 FREELISTS 1 FREELIST GROUPS 1 BUFFER_POOL DEFAULT FLASH_CACHE DEFAULT CELL_FLASH_CACHE DEFAULT)
  TABLESPACE "SYSTEM" ;

   COMMENT ON COLUMN "SYSTEM"."AS_MERCHANT"."AWS" IS 'AVERAGE WEEKLY SALES';
--------------------------------------------------------
--  DDL for Table AS_MERCHANT_ASSET
--------------------------------------------------------

  CREATE TABLE "SYSTEM"."AS_MERCHANT_ASSET" 
   (	"MERCHANT_ASSET_ID" NUMBER, 
	"MERCHANT_ID" NUMBER, 
	"ASSET_TYPE" VARCHAR2(20 BYTE), 
	"ASSET_VALUE" NUMBER, 
	"OWNERSHIP_PERCENTAGE" FLOAT(126), 
	"POSSESSION_SINCE" DATE
   ) PCTFREE 10 PCTUSED 40 INITRANS 1 MAXTRANS 255 NOCOMPRESS LOGGING
  STORAGE(INITIAL 65536 NEXT 1048576 MINEXTENTS 1 MAXEXTENTS 2147483645
  PCTINCREASE 0 FREELISTS 1 FREELIST GROUPS 1 BUFFER_POOL DEFAULT FLASH_CACHE DEFAULT CELL_FLASH_CACHE DEFAULT)
  TABLESPACE "SYSTEM" ;
--------------------------------------------------------
--  DDL for Table AS_MERCHANT_LIABILITY
--------------------------------------------------------

  CREATE TABLE "SYSTEM"."AS_MERCHANT_LIABILITY" 
   (	"MERCHANT_LIABILITY_ID" NUMBER, 
	"MERCHANT_ID" NUMBER, 
	"LIABILITY_OUTSTANDING" NUMBER, 
	"LIABILITY_TYPE" VARCHAR2(20 BYTE), 
	"LOAN_DATE" DATE, 
	"VALID_FROM" DATE, 
	"VALID_TO" DATE
   ) PCTFREE 10 PCTUSED 40 INITRANS 1 MAXTRANS 255 NOCOMPRESS LOGGING
  STORAGE(INITIAL 65536 NEXT 1048576 MINEXTENTS 1 MAXEXTENTS 2147483645
  PCTINCREASE 0 FREELISTS 1 FREELIST GROUPS 1 BUFFER_POOL DEFAULT FLASH_CACHE DEFAULT CELL_FLASH_CACHE DEFAULT)
  TABLESPACE "SYSTEM" ;
--------------------------------------------------------
--  DDL for Table AS_RISK_ENGINE
--------------------------------------------------------

  CREATE TABLE "SYSTEM"."AS_RISK_ENGINE" 
   (	"MERCHANT_RISK_ID" NUMBER, 
	"CREDIT_WEIGHTAGE" NUMBER, 
	"MIN_CREDIT_FACTOR" NUMBER, 
	"MAX_CREDIT_FACTOR" NUMBER, 
	"MIN_LOAN_RATE" NUMBER, 
	"MAX_LOAN_RATE" NUMBER, 
	"LIGITATION_FACTOR" NUMBER, 
	"MIN_LIGITATION_FACTOR" NUMBER, 
	"MAX_LIGITATION_FACTOR" NUMBER, 
	"TOTAL_RISK_WEIGHTAGE" NUMBER, 
	"TOTAL_LOAN_WEIGHTAGE" NUMBER, 
	"VALID_FROM" DATE, 
	"VALID_TO" DATE
   ) PCTFREE 10 PCTUSED 40 INITRANS 1 MAXTRANS 255 NOCOMPRESS LOGGING
  STORAGE(INITIAL 65536 NEXT 1048576 MINEXTENTS 1 MAXEXTENTS 2147483645
  PCTINCREASE 0 FREELISTS 1 FREELIST GROUPS 1 BUFFER_POOL DEFAULT FLASH_CACHE DEFAULT CELL_FLASH_CACHE DEFAULT)
  TABLESPACE "SYSTEM" ;
--------------------------------------------------------
--  DDL for Table AS_RISK_MANAGEMENT
--------------------------------------------------------

  CREATE TABLE "SYSTEM"."AS_RISK_MANAGEMENT" 
   (	"MERCHANT_RISK_DETAIL_ID" NUMBER, 
	"CREDIT_SCORE" NUMBER, 
	"KYC_SCORE" NUMBER, 
	"MIN_SUGGESTED_ENTITLEMENT" NUMBER, 
	"MAX_SUGGESTED_ENTITLEMENT" NUMBER, 
	"LIGITATION_INDEX_SCORE" NUMBER, 
	"COMPANY_REG_NO" NUMBER, 
	"FINANCE_INDICATOR_ID" VARCHAR2(20 BYTE), 
	"CREDIT_APP_HISTORY" VARCHAR2(20 BYTE), 
	"CCRIS" VARCHAR2(20 BYTE), 
	"BOUNDED_CHECK" VARCHAR2(20 BYTE), 
	"SSM" VARCHAR2(20 BYTE), 
	"BOARD_OF_DIRECTOR" VARCHAR2(200 BYTE), 
	"SHAREHOLDERS" VARCHAR2(200 BYTE), 
	"FINANCIAL_ANNUM_REPORT" VARCHAR2(20 BYTE), 
	"BUSINESS" VARCHAR2(20 BYTE), 
	"OFFICE_ADDRESS" VARCHAR2(30 BYTE), 
	"LGL" VARCHAR2(20 BYTE), 
	"PENDING_CASES" VARCHAR2(200 BYTE), 
	"CASES_HISTORY" VARCHAR2(200 BYTE), 
	"AMLA" VARCHAR2(20 BYTE), 
	"TR" VARCHAR2(200 BYTE), 
	"INVOICE_PAYMENT_PERFORMANCE" NUMBER, 
	"MERCHANT_ID" NUMBER, 
	"CREDIT_AGENT_ID" NUMBER, 
	"AGENT_NAME" VARCHAR2(20 BYTE), 
	"MERCHANT_RISK_ID" NUMBER
   ) PCTFREE 10 PCTUSED 40 INITRANS 1 MAXTRANS 255 NOCOMPRESS LOGGING
  STORAGE(INITIAL 65536 NEXT 1048576 MINEXTENTS 1 MAXEXTENTS 2147483645
  PCTINCREASE 0 FREELISTS 1 FREELIST GROUPS 1 BUFFER_POOL DEFAULT FLASH_CACHE DEFAULT CELL_FLASH_CACHE DEFAULT)
  TABLESPACE "SYSTEM" ;
--------------------------------------------------------
--  DDL for Table AS_TRANSACTION
--------------------------------------------------------

  CREATE TABLE "SYSTEM"."AS_TRANSACTION" 
   (	"TRANSACTION_ID" NUMBER, 
	"TRANS_DATE" DATE, 
	"TRANS_TYPE" VARCHAR2(20 BYTE), 
	"AMMOUNT" NUMBER, 
	"BUSINESS_ID" NUMBER, 
	"ACCOUNT_ID" NUMBER
   ) PCTFREE 10 PCTUSED 40 INITRANS 1 MAXTRANS 255 NOCOMPRESS LOGGING
  STORAGE(INITIAL 65536 NEXT 1048576 MINEXTENTS 1 MAXEXTENTS 2147483645
  PCTINCREASE 0 FREELISTS 1 FREELIST GROUPS 1 BUFFER_POOL DEFAULT FLASH_CACHE DEFAULT CELL_FLASH_CACHE DEFAULT)
  TABLESPACE "SYSTEM" ;
REM INSERTING into SYSTEM.AS_ACCOUNT
SET DEFINE OFF;
REM INSERTING into SYSTEM.AS_BUSINESS_PRODUCT_OWNER
SET DEFINE OFF;
Insert into SYSTEM.AS_BUSINESS_PRODUCT_OWNER (BUSINESS_ID,BUSINESS_NAME,BUSINESS_TYPE,CONTACT_EMAIL,CURRENT_ADDRESS,OFFICE_ADDRESS,CONTACT_NUMBER) values (1,'Silver Enterprise','Delivery Courier','silver@gmail.com','5, Jalan Dato Yusof Shahbudin 26, Taman Sentosa','5, Jalan Kuala Lumpur, Taman Cahaya','+60106630805');
Insert into SYSTEM.AS_BUSINESS_PRODUCT_OWNER (BUSINESS_ID,BUSINESS_NAME,BUSINESS_TYPE,CONTACT_EMAIL,CURRENT_ADDRESS,OFFICE_ADDRESS,CONTACT_NUMBER) values (2,'Ducky Duckling','Property','dd@gmail.com','7, Jalan Nagasari 29, Taman Bandaraya','9, Jalan Tun Tan Chen Lock, Kuala Lumpur','+60189634589');
Insert into SYSTEM.AS_BUSINESS_PRODUCT_OWNER (BUSINESS_ID,BUSINESS_NAME,BUSINESS_TYPE,CONTACT_EMAIL,CURRENT_ADDRESS,OFFICE_ADDRESS,CONTACT_NUMBER) values (3,'Askin Sdn Bhd','Stock Trading','askin@gmail.com','77, Jalan University, Taman Bukit Cinta','77, Jalan University, Taman Bukit Cinta','+60178927340');
Insert into SYSTEM.AS_BUSINESS_PRODUCT_OWNER (BUSINESS_ID,BUSINESS_NAME,BUSINESS_TYPE,CONTACT_EMAIL,CURRENT_ADDRESS,OFFICE_ADDRESS,CONTACT_NUMBER) values (4,'Jared Telco','Telecommunication','jaredtelco@gmail.com','90, Jalan Tunku Abdul Rahman, Taman Merdeka','90, Jalan Tunku Abdul Rahman, Taman Merdeka','+60198274212');
Insert into SYSTEM.AS_BUSINESS_PRODUCT_OWNER (BUSINESS_ID,BUSINESS_NAME,BUSINESS_TYPE,CONTACT_EMAIL,CURRENT_ADDRESS,OFFICE_ADDRESS,CONTACT_NUMBER) values (5,'Yilin Beauty','Beautician Academy','yilinbea@gmail.com','Menara Yilin City Centre Off Jalan Ampang','Menara Yilin City Centre Off Jalan Ampang','+6-135678946');
Insert into SYSTEM.AS_BUSINESS_PRODUCT_OWNER (BUSINESS_ID,BUSINESS_NAME,BUSINESS_TYPE,CONTACT_EMAIL,CURRENT_ADDRESS,OFFICE_ADDRESS,CONTACT_NUMBER) values (6,'Peter Technology','Electronics and Tech','petertech@gmail.com','19th Floor, Plaza Peter No. 8, First Avenue','19th Floor, Plaza Peter No. 8, First Avenue','+60139982736');
Insert into SYSTEM.AS_BUSINESS_PRODUCT_OWNER (BUSINESS_ID,BUSINESS_NAME,BUSINESS_TYPE,CONTACT_EMAIL,CURRENT_ADDRESS,OFFICE_ADDRESS,CONTACT_NUMBER) values (7,'Xenber Sdn Bhd','Software Development','xenber@gmail.com','Pusat Perdagangan Phileo Damansara Petaling Jaya','Pusat Perdagangan Phileo Damansara Petaling Jaya','+60127895546');
Insert into SYSTEM.AS_BUSINESS_PRODUCT_OWNER (BUSINESS_ID,BUSINESS_NAME,BUSINESS_TYPE,CONTACT_EMAIL,CURRENT_ADDRESS,OFFICE_ADDRESS,CONTACT_NUMBER) values (8,'Apple Enterprise','Agriculture','apple@gmail.com','Lot 1017, Ulu Yam Baru, 44300, Batang Kali','Lot 1017, Ulu Yam Baru, 44300, Batang Kali','+601123498735');
REM INSERTING into SYSTEM.AS_CAPITAL_ENGINE
SET DEFINE OFF;
REM INSERTING into SYSTEM.AS_CAPITAL_MANAGEMENT
SET DEFINE OFF;
REM INSERTING into SYSTEM.AS_CUSTOMER
SET DEFINE OFF;
REM INSERTING into SYSTEM.AS_FINANCING_ENGINE
SET DEFINE OFF;
REM INSERTING into SYSTEM.AS_INVESTMENT
SET DEFINE OFF;
Insert into SYSTEM.AS_INVESTMENT (BUSINESS_ID,INVESTOR_ID,INVESTMENT_DATE,INVESTED_AMOUNT) values (1,1,to_date('25/12/2022','DD/MM/RRRR'),700000);
Insert into SYSTEM.AS_INVESTMENT (BUSINESS_ID,INVESTOR_ID,INVESTMENT_DATE,INVESTED_AMOUNT) values (2,1,to_date('25/12/2022','DD/MM/RRRR'),10000);
Insert into SYSTEM.AS_INVESTMENT (BUSINESS_ID,INVESTOR_ID,INVESTMENT_DATE,INVESTED_AMOUNT) values (1,3,to_date('20/12/2020','DD/MM/RRRR'),100000);
Insert into SYSTEM.AS_INVESTMENT (BUSINESS_ID,INVESTOR_ID,INVESTMENT_DATE,INVESTED_AMOUNT) values (2,2,to_date('09/08/2022','DD/MM/RRRR'),120000);
Insert into SYSTEM.AS_INVESTMENT (BUSINESS_ID,INVESTOR_ID,INVESTMENT_DATE,INVESTED_AMOUNT) values (3,1,to_date('09/01/2022','DD/MM/RRRR'),13000);
Insert into SYSTEM.AS_INVESTMENT (BUSINESS_ID,INVESTOR_ID,INVESTMENT_DATE,INVESTED_AMOUNT) values (4,1,to_date('09/04/2021','DD/MM/RRRR'),500000);
Insert into SYSTEM.AS_INVESTMENT (BUSINESS_ID,INVESTOR_ID,INVESTMENT_DATE,INVESTED_AMOUNT) values (4,2,to_date('09/03/2022','DD/MM/RRRR'),40000);
Insert into SYSTEM.AS_INVESTMENT (BUSINESS_ID,INVESTOR_ID,INVESTMENT_DATE,INVESTED_AMOUNT) values (5,6,to_date('04/02/2022','DD/MM/RRRR'),500000);
REM INSERTING into SYSTEM.AS_INVESTOR
SET DEFINE OFF;
Insert into SYSTEM.AS_INVESTOR (INVESTOR_ID,FIRST_NAME,LAST_NAME,INVESTOR_CONTACT_NUMBER,INVESTOR_EMAIL) values (1,'Wei Xin','Lim','+60182998680','weixin@gmail.com');
Insert into SYSTEM.AS_INVESTOR (INVESTOR_ID,FIRST_NAME,LAST_NAME,INVESTOR_CONTACT_NUMBER,INVESTOR_EMAIL) values (2,'Swee Nien','Kuck','+60138891102','kucknien@gmail.com');
Insert into SYSTEM.AS_INVESTOR (INVESTOR_ID,FIRST_NAME,LAST_NAME,INVESTOR_CONTACT_NUMBER,INVESTOR_EMAIL) values (3,'muhyuddin Ahsan','bin Sultan Askin','+60123860102','ahsan@gmail.com');
Insert into SYSTEM.AS_INVESTOR (INVESTOR_ID,FIRST_NAME,LAST_NAME,INVESTOR_CONTACT_NUMBER,INVESTOR_EMAIL) values (4,'Jared Avinesh','Thomas','+60125659276','jared@gmail.com');
Insert into SYSTEM.AS_INVESTOR (INVESTOR_ID,FIRST_NAME,LAST_NAME,INVESTOR_CONTACT_NUMBER,INVESTOR_EMAIL) values (5,'Yilin','Loo','+601116343519','yilin@gmail.com');
Insert into SYSTEM.AS_INVESTOR (INVESTOR_ID,FIRST_NAME,LAST_NAME,INVESTOR_CONTACT_NUMBER,INVESTOR_EMAIL) values (6,'Peter Wei Chun','Siow','+601115337500','peter@gmail.com');
Insert into SYSTEM.AS_INVESTOR (INVESTOR_ID,FIRST_NAME,LAST_NAME,INVESTOR_CONTACT_NUMBER,INVESTOR_EMAIL) values (7,'Neale','Low','+60192506378','neale@gmail.com');
Insert into SYSTEM.AS_INVESTOR (INVESTOR_ID,FIRST_NAME,LAST_NAME,INVESTOR_CONTACT_NUMBER,INVESTOR_EMAIL) values (8,'Apple','Boo','+60128794567','apple@gmail.com');
REM INSERTING into SYSTEM.AS_LOAN_MANAGEMENT
SET DEFINE OFF;
REM INSERTING into SYSTEM.AS_MER_CUST_TRANSACTION
SET DEFINE OFF;
REM INSERTING into SYSTEM.AS_MERCHANT
SET DEFINE OFF;
REM INSERTING into SYSTEM.AS_MERCHANT_ASSET
SET DEFINE OFF;
REM INSERTING into SYSTEM.AS_MERCHANT_LIABILITY
SET DEFINE OFF;
REM INSERTING into SYSTEM.AS_RISK_ENGINE
SET DEFINE OFF;
REM INSERTING into SYSTEM.AS_RISK_MANAGEMENT
SET DEFINE OFF;
REM INSERTING into SYSTEM.AS_TRANSACTION
SET DEFINE OFF;
--------------------------------------------------------
--  DDL for Index AS_ACCOUNT_PK
--------------------------------------------------------

  CREATE UNIQUE INDEX "SYSTEM"."AS_ACCOUNT_PK" ON "SYSTEM"."AS_ACCOUNT" ("ACCOUNT_ID") 
  PCTFREE 10 INITRANS 2 MAXTRANS 255 COMPUTE STATISTICS 
  STORAGE(INITIAL 65536 NEXT 1048576 MINEXTENTS 1 MAXEXTENTS 2147483645
  PCTINCREASE 0 FREELISTS 1 FREELIST GROUPS 1 BUFFER_POOL DEFAULT FLASH_CACHE DEFAULT CELL_FLASH_CACHE DEFAULT)
  TABLESPACE "SYSTEM" ;
--------------------------------------------------------
--  DDL for Index AS_BUSINESS_PRODUCT_OWNER_PK
--------------------------------------------------------

  CREATE UNIQUE INDEX "SYSTEM"."AS_BUSINESS_PRODUCT_OWNER_PK" ON "SYSTEM"."AS_BUSINESS_PRODUCT_OWNER" ("BUSINESS_ID") 
  PCTFREE 10 INITRANS 2 MAXTRANS 255 COMPUTE STATISTICS 
  STORAGE(INITIAL 65536 NEXT 1048576 MINEXTENTS 1 MAXEXTENTS 2147483645
  PCTINCREASE 0 FREELISTS 1 FREELIST GROUPS 1 BUFFER_POOL DEFAULT FLASH_CACHE DEFAULT CELL_FLASH_CACHE DEFAULT)
  TABLESPACE "SYSTEM" ;
--------------------------------------------------------
--  DDL for Index AS_BUSINESS_PRODUCT_OWNER_UK1
--------------------------------------------------------

  CREATE UNIQUE INDEX "SYSTEM"."AS_BUSINESS_PRODUCT_OWNER_UK1" ON "SYSTEM"."AS_BUSINESS_PRODUCT_OWNER" ("BUSINESS_NAME", "BUSINESS_TYPE", "CONTACT_EMAIL", "CURRENT_ADDRESS", "OFFICE_ADDRESS", "CONTACT_NUMBER") 
  PCTFREE 10 INITRANS 2 MAXTRANS 255 COMPUTE STATISTICS 
  STORAGE(INITIAL 65536 NEXT 1048576 MINEXTENTS 1 MAXEXTENTS 2147483645
  PCTINCREASE 0 FREELISTS 1 FREELIST GROUPS 1 BUFFER_POOL DEFAULT FLASH_CACHE DEFAULT CELL_FLASH_CACHE DEFAULT)
  TABLESPACE "SYSTEM" ;
--------------------------------------------------------
--  DDL for Index AS_CAPITAL_ENGINE_PK
--------------------------------------------------------

  CREATE UNIQUE INDEX "SYSTEM"."AS_CAPITAL_ENGINE_PK" ON "SYSTEM"."AS_CAPITAL_ENGINE" ("CE_ID") 
  PCTFREE 10 INITRANS 2 MAXTRANS 255 COMPUTE STATISTICS 
  STORAGE(INITIAL 65536 NEXT 1048576 MINEXTENTS 1 MAXEXTENTS 2147483645
  PCTINCREASE 0 FREELISTS 1 FREELIST GROUPS 1 BUFFER_POOL DEFAULT FLASH_CACHE DEFAULT CELL_FLASH_CACHE DEFAULT)
  TABLESPACE "SYSTEM" ;
--------------------------------------------------------
--  DDL for Index AS_CAPITAL_MANAGEMENT_PK
--------------------------------------------------------

  CREATE UNIQUE INDEX "SYSTEM"."AS_CAPITAL_MANAGEMENT_PK" ON "SYSTEM"."AS_CAPITAL_MANAGEMENT" ("CM_ID") 
  PCTFREE 10 INITRANS 2 MAXTRANS 255 COMPUTE STATISTICS 
  STORAGE(INITIAL 65536 NEXT 1048576 MINEXTENTS 1 MAXEXTENTS 2147483645
  PCTINCREASE 0 FREELISTS 1 FREELIST GROUPS 1 BUFFER_POOL DEFAULT FLASH_CACHE DEFAULT CELL_FLASH_CACHE DEFAULT)
  TABLESPACE "SYSTEM" ;
--------------------------------------------------------
--  DDL for Index AS_CUSTOMER_PK
--------------------------------------------------------

  CREATE UNIQUE INDEX "SYSTEM"."AS_CUSTOMER_PK" ON "SYSTEM"."AS_CUSTOMER" ("CUSTOMER_ID") 
  PCTFREE 10 INITRANS 2 MAXTRANS 255 COMPUTE STATISTICS 
  STORAGE(INITIAL 65536 NEXT 1048576 MINEXTENTS 1 MAXEXTENTS 2147483645
  PCTINCREASE 0 FREELISTS 1 FREELIST GROUPS 1 BUFFER_POOL DEFAULT FLASH_CACHE DEFAULT CELL_FLASH_CACHE DEFAULT)
  TABLESPACE "SYSTEM" ;
--------------------------------------------------------
--  DDL for Index AS_FINANCING_ENGINE_PK
--------------------------------------------------------

  CREATE UNIQUE INDEX "SYSTEM"."AS_FINANCING_ENGINE_PK" ON "SYSTEM"."AS_FINANCING_ENGINE" ("FE_ID") 
  PCTFREE 10 INITRANS 2 MAXTRANS 255 COMPUTE STATISTICS 
  STORAGE(INITIAL 65536 NEXT 1048576 MINEXTENTS 1 MAXEXTENTS 2147483645
  PCTINCREASE 0 FREELISTS 1 FREELIST GROUPS 1 BUFFER_POOL DEFAULT FLASH_CACHE DEFAULT CELL_FLASH_CACHE DEFAULT)
  TABLESPACE "SYSTEM" ;
--------------------------------------------------------
--  DDL for Index AS_INVESTMENT_PK
--------------------------------------------------------

  CREATE UNIQUE INDEX "SYSTEM"."AS_INVESTMENT_PK" ON "SYSTEM"."AS_INVESTMENT" ("BUSINESS_ID", "INVESTOR_ID") 
  PCTFREE 10 INITRANS 2 MAXTRANS 255 COMPUTE STATISTICS 
  STORAGE(INITIAL 65536 NEXT 1048576 MINEXTENTS 1 MAXEXTENTS 2147483645
  PCTINCREASE 0 FREELISTS 1 FREELIST GROUPS 1 BUFFER_POOL DEFAULT FLASH_CACHE DEFAULT CELL_FLASH_CACHE DEFAULT)
  TABLESPACE "SYSTEM" ;
--------------------------------------------------------
--  DDL for Index AS_INVESTOR_PK
--------------------------------------------------------

  CREATE UNIQUE INDEX "SYSTEM"."AS_INVESTOR_PK" ON "SYSTEM"."AS_INVESTOR" ("INVESTOR_ID") 
  PCTFREE 10 INITRANS 2 MAXTRANS 255 COMPUTE STATISTICS 
  STORAGE(INITIAL 65536 NEXT 1048576 MINEXTENTS 1 MAXEXTENTS 2147483645
  PCTINCREASE 0 FREELISTS 1 FREELIST GROUPS 1 BUFFER_POOL DEFAULT FLASH_CACHE DEFAULT CELL_FLASH_CACHE DEFAULT)
  TABLESPACE "SYSTEM" ;
--------------------------------------------------------
--  DDL for Index AS_INVESTOR_UK1
--------------------------------------------------------

  CREATE UNIQUE INDEX "SYSTEM"."AS_INVESTOR_UK1" ON "SYSTEM"."AS_INVESTOR" ("FIRST_NAME", "LAST_NAME", "INVESTOR_CONTACT_NUMBER", "INVESTOR_EMAIL") 
  PCTFREE 10 INITRANS 2 MAXTRANS 255 COMPUTE STATISTICS 
  STORAGE(INITIAL 65536 NEXT 1048576 MINEXTENTS 1 MAXEXTENTS 2147483645
  PCTINCREASE 0 FREELISTS 1 FREELIST GROUPS 1 BUFFER_POOL DEFAULT FLASH_CACHE DEFAULT CELL_FLASH_CACHE DEFAULT)
  TABLESPACE "SYSTEM" ;
--------------------------------------------------------
--  DDL for Index AS_LOAN_MANAGEMENT_PK
--------------------------------------------------------

  CREATE UNIQUE INDEX "SYSTEM"."AS_LOAN_MANAGEMENT_PK" ON "SYSTEM"."AS_LOAN_MANAGEMENT" ("LOAN_MANAGEMENT_ID") 
  PCTFREE 10 INITRANS 2 MAXTRANS 255 COMPUTE STATISTICS 
  STORAGE(INITIAL 65536 NEXT 1048576 MINEXTENTS 1 MAXEXTENTS 2147483645
  PCTINCREASE 0 FREELISTS 1 FREELIST GROUPS 1 BUFFER_POOL DEFAULT FLASH_CACHE DEFAULT CELL_FLASH_CACHE DEFAULT)
  TABLESPACE "SYSTEM" ;
--------------------------------------------------------
--  DDL for Index AS_MER_CUST_TRANSACTION_PK
--------------------------------------------------------

  CREATE UNIQUE INDEX "SYSTEM"."AS_MER_CUST_TRANSACTION_PK" ON "SYSTEM"."AS_MER_CUST_TRANSACTION" ("MERCHANT_ID", "CUSTOMER_ID") 
  PCTFREE 10 INITRANS 2 MAXTRANS 255 COMPUTE STATISTICS 
  STORAGE(INITIAL 65536 NEXT 1048576 MINEXTENTS 1 MAXEXTENTS 2147483645
  PCTINCREASE 0 FREELISTS 1 FREELIST GROUPS 1 BUFFER_POOL DEFAULT FLASH_CACHE DEFAULT CELL_FLASH_CACHE DEFAULT)
  TABLESPACE "SYSTEM" ;
--------------------------------------------------------
--  DDL for Index AS_MERCHANT_PK
--------------------------------------------------------

  CREATE UNIQUE INDEX "SYSTEM"."AS_MERCHANT_PK" ON "SYSTEM"."AS_MERCHANT" ("MERCHANT_ID") 
  PCTFREE 10 INITRANS 2 MAXTRANS 255 COMPUTE STATISTICS 
  STORAGE(INITIAL 65536 NEXT 1048576 MINEXTENTS 1 MAXEXTENTS 2147483645
  PCTINCREASE 0 FREELISTS 1 FREELIST GROUPS 1 BUFFER_POOL DEFAULT FLASH_CACHE DEFAULT CELL_FLASH_CACHE DEFAULT)
  TABLESPACE "SYSTEM" ;
--------------------------------------------------------
--  DDL for Index AS_MERCHANT_ASSET_PK
--------------------------------------------------------

  CREATE UNIQUE INDEX "SYSTEM"."AS_MERCHANT_ASSET_PK" ON "SYSTEM"."AS_MERCHANT_ASSET" ("MERCHANT_ASSET_ID") 
  PCTFREE 10 INITRANS 2 MAXTRANS 255 COMPUTE STATISTICS 
  STORAGE(INITIAL 65536 NEXT 1048576 MINEXTENTS 1 MAXEXTENTS 2147483645
  PCTINCREASE 0 FREELISTS 1 FREELIST GROUPS 1 BUFFER_POOL DEFAULT FLASH_CACHE DEFAULT CELL_FLASH_CACHE DEFAULT)
  TABLESPACE "SYSTEM" ;
--------------------------------------------------------
--  DDL for Index AS_MERCHANT_LIABILITY_PK
--------------------------------------------------------

  CREATE UNIQUE INDEX "SYSTEM"."AS_MERCHANT_LIABILITY_PK" ON "SYSTEM"."AS_MERCHANT_LIABILITY" ("MERCHANT_LIABILITY_ID") 
  PCTFREE 10 INITRANS 2 MAXTRANS 255 COMPUTE STATISTICS 
  STORAGE(INITIAL 65536 NEXT 1048576 MINEXTENTS 1 MAXEXTENTS 2147483645
  PCTINCREASE 0 FREELISTS 1 FREELIST GROUPS 1 BUFFER_POOL DEFAULT FLASH_CACHE DEFAULT CELL_FLASH_CACHE DEFAULT)
  TABLESPACE "SYSTEM" ;
--------------------------------------------------------
--  DDL for Index AS_RISK_ENGINE_PK
--------------------------------------------------------

  CREATE UNIQUE INDEX "SYSTEM"."AS_RISK_ENGINE_PK" ON "SYSTEM"."AS_RISK_ENGINE" ("MERCHANT_RISK_ID") 
  PCTFREE 10 INITRANS 2 MAXTRANS 255 COMPUTE STATISTICS 
  STORAGE(INITIAL 65536 NEXT 1048576 MINEXTENTS 1 MAXEXTENTS 2147483645
  PCTINCREASE 0 FREELISTS 1 FREELIST GROUPS 1 BUFFER_POOL DEFAULT FLASH_CACHE DEFAULT CELL_FLASH_CACHE DEFAULT)
  TABLESPACE "SYSTEM" ;
--------------------------------------------------------
--  DDL for Index AS_RISK_MANAGEMENT_PK
--------------------------------------------------------

  CREATE UNIQUE INDEX "SYSTEM"."AS_RISK_MANAGEMENT_PK" ON "SYSTEM"."AS_RISK_MANAGEMENT" ("MERCHANT_RISK_DETAIL_ID") 
  PCTFREE 10 INITRANS 2 MAXTRANS 255 COMPUTE STATISTICS 
  STORAGE(INITIAL 65536 NEXT 1048576 MINEXTENTS 1 MAXEXTENTS 2147483645
  PCTINCREASE 0 FREELISTS 1 FREELIST GROUPS 1 BUFFER_POOL DEFAULT FLASH_CACHE DEFAULT CELL_FLASH_CACHE DEFAULT)
  TABLESPACE "SYSTEM" ;
--------------------------------------------------------
--  DDL for Index AS_TRANSACTION_PK
--------------------------------------------------------

  CREATE UNIQUE INDEX "SYSTEM"."AS_TRANSACTION_PK" ON "SYSTEM"."AS_TRANSACTION" ("TRANSACTION_ID") 
  PCTFREE 10 INITRANS 2 MAXTRANS 255 COMPUTE STATISTICS 
  STORAGE(INITIAL 65536 NEXT 1048576 MINEXTENTS 1 MAXEXTENTS 2147483645
  PCTINCREASE 0 FREELISTS 1 FREELIST GROUPS 1 BUFFER_POOL DEFAULT FLASH_CACHE DEFAULT CELL_FLASH_CACHE DEFAULT)
  TABLESPACE "SYSTEM" ;
--------------------------------------------------------
--  Constraints for Table AS_ACCOUNT
--------------------------------------------------------

  ALTER TABLE "SYSTEM"."AS_ACCOUNT" ADD CONSTRAINT "AS_ACCOUNT_PK" PRIMARY KEY ("ACCOUNT_ID")
  USING INDEX PCTFREE 10 INITRANS 2 MAXTRANS 255 COMPUTE STATISTICS 
  STORAGE(INITIAL 65536 NEXT 1048576 MINEXTENTS 1 MAXEXTENTS 2147483645
  PCTINCREASE 0 FREELISTS 1 FREELIST GROUPS 1 BUFFER_POOL DEFAULT FLASH_CACHE DEFAULT CELL_FLASH_CACHE DEFAULT)
  TABLESPACE "SYSTEM"  ENABLE;
  ALTER TABLE "SYSTEM"."AS_ACCOUNT" MODIFY ("DATE_CREATED" NOT NULL ENABLE);
  ALTER TABLE "SYSTEM"."AS_ACCOUNT" MODIFY ("AVG_SALARY" NOT NULL ENABLE);
  ALTER TABLE "SYSTEM"."AS_ACCOUNT" MODIFY ("RATIO_URBAN" NOT NULL ENABLE);
  ALTER TABLE "SYSTEM"."AS_ACCOUNT" MODIFY ("CITY" NOT NULL ENABLE);
  ALTER TABLE "SYSTEM"."AS_ACCOUNT" MODIFY ("REGION" NOT NULL ENABLE);
  ALTER TABLE "SYSTEM"."AS_ACCOUNT" MODIFY ("DISTRICT_ID" NOT NULL ENABLE);
  ALTER TABLE "SYSTEM"."AS_ACCOUNT" MODIFY ("ACCOUNT_NAME" NOT NULL ENABLE);
  ALTER TABLE "SYSTEM"."AS_ACCOUNT" MODIFY ("ACCOUNT_ID" NOT NULL ENABLE);
--------------------------------------------------------
--  Constraints for Table AS_BUSINESS_PRODUCT_OWNER
--------------------------------------------------------

  ALTER TABLE "SYSTEM"."AS_BUSINESS_PRODUCT_OWNER" ADD CONSTRAINT "AS_BUSINESS_PRODUCT_OWNER_UK1" UNIQUE ("BUSINESS_NAME", "BUSINESS_TYPE", "CONTACT_EMAIL", "CURRENT_ADDRESS", "OFFICE_ADDRESS", "CONTACT_NUMBER")
  USING INDEX PCTFREE 10 INITRANS 2 MAXTRANS 255 COMPUTE STATISTICS 
  STORAGE(INITIAL 65536 NEXT 1048576 MINEXTENTS 1 MAXEXTENTS 2147483645
  PCTINCREASE 0 FREELISTS 1 FREELIST GROUPS 1 BUFFER_POOL DEFAULT FLASH_CACHE DEFAULT CELL_FLASH_CACHE DEFAULT)
  TABLESPACE "SYSTEM"  ENABLE;
  ALTER TABLE "SYSTEM"."AS_BUSINESS_PRODUCT_OWNER" MODIFY ("BUSINESS_TYPE" NOT NULL ENABLE);
  ALTER TABLE "SYSTEM"."AS_BUSINESS_PRODUCT_OWNER" MODIFY ("OFFICE_ADDRESS" NOT NULL ENABLE);
  ALTER TABLE "SYSTEM"."AS_BUSINESS_PRODUCT_OWNER" MODIFY ("CURRENT_ADDRESS" NOT NULL ENABLE);
  ALTER TABLE "SYSTEM"."AS_BUSINESS_PRODUCT_OWNER" MODIFY ("CONTACT_EMAIL" NOT NULL ENABLE);
  ALTER TABLE "SYSTEM"."AS_BUSINESS_PRODUCT_OWNER" ADD CONSTRAINT "AS_BUSINESS_PRODUCT_OWNER_PK" PRIMARY KEY ("BUSINESS_ID")
  USING INDEX PCTFREE 10 INITRANS 2 MAXTRANS 255 COMPUTE STATISTICS 
  STORAGE(INITIAL 65536 NEXT 1048576 MINEXTENTS 1 MAXEXTENTS 2147483645
  PCTINCREASE 0 FREELISTS 1 FREELIST GROUPS 1 BUFFER_POOL DEFAULT FLASH_CACHE DEFAULT CELL_FLASH_CACHE DEFAULT)
  TABLESPACE "SYSTEM"  ENABLE;
  ALTER TABLE "SYSTEM"."AS_BUSINESS_PRODUCT_OWNER" MODIFY ("BUSINESS_NAME" NOT NULL ENABLE);
  ALTER TABLE "SYSTEM"."AS_BUSINESS_PRODUCT_OWNER" MODIFY ("BUSINESS_ID" NOT NULL ENABLE);
--------------------------------------------------------
--  Constraints for Table AS_CAPITAL_ENGINE
--------------------------------------------------------

  ALTER TABLE "SYSTEM"."AS_CAPITAL_ENGINE" ADD CONSTRAINT "AS_CAPITAL_ENGINE_PK" PRIMARY KEY ("CE_ID")
  USING INDEX PCTFREE 10 INITRANS 2 MAXTRANS 255 COMPUTE STATISTICS 
  STORAGE(INITIAL 65536 NEXT 1048576 MINEXTENTS 1 MAXEXTENTS 2147483645
  PCTINCREASE 0 FREELISTS 1 FREELIST GROUPS 1 BUFFER_POOL DEFAULT FLASH_CACHE DEFAULT CELL_FLASH_CACHE DEFAULT)
  TABLESPACE "SYSTEM"  ENABLE;
  ALTER TABLE "SYSTEM"."AS_CAPITAL_ENGINE" MODIFY ("COLUMN1" NOT NULL ENABLE);
  ALTER TABLE "SYSTEM"."AS_CAPITAL_ENGINE" MODIFY ("THRESHOLD_AMOUNT" NOT NULL ENABLE);
  ALTER TABLE "SYSTEM"."AS_CAPITAL_ENGINE" MODIFY ("MIN_ROI_RATE" NOT NULL ENABLE);
  ALTER TABLE "SYSTEM"."AS_CAPITAL_ENGINE" MODIFY ("DESCRIPTION" NOT NULL ENABLE);
  ALTER TABLE "SYSTEM"."AS_CAPITAL_ENGINE" MODIFY ("TITLE" NOT NULL ENABLE);
  ALTER TABLE "SYSTEM"."AS_CAPITAL_ENGINE" MODIFY ("CE_ID" NOT NULL ENABLE);
--------------------------------------------------------
--  Constraints for Table AS_CAPITAL_MANAGEMENT
--------------------------------------------------------

  ALTER TABLE "SYSTEM"."AS_CAPITAL_MANAGEMENT" ADD CONSTRAINT "AS_CAPITAL_MANAGEMENT_PK" PRIMARY KEY ("CM_ID")
  USING INDEX PCTFREE 10 INITRANS 2 MAXTRANS 255 COMPUTE STATISTICS 
  STORAGE(INITIAL 65536 NEXT 1048576 MINEXTENTS 1 MAXEXTENTS 2147483645
  PCTINCREASE 0 FREELISTS 1 FREELIST GROUPS 1 BUFFER_POOL DEFAULT FLASH_CACHE DEFAULT CELL_FLASH_CACHE DEFAULT)
  TABLESPACE "SYSTEM"  ENABLE;
  ALTER TABLE "SYSTEM"."AS_CAPITAL_MANAGEMENT" MODIFY ("BUSINESS_ID" NOT NULL ENABLE);
  ALTER TABLE "SYSTEM"."AS_CAPITAL_MANAGEMENT" MODIFY ("CE_ID" NOT NULL ENABLE);
  ALTER TABLE "SYSTEM"."AS_CAPITAL_MANAGEMENT" MODIFY ("ROI" NOT NULL ENABLE);
  ALTER TABLE "SYSTEM"."AS_CAPITAL_MANAGEMENT" MODIFY ("CAPITAL_AMOUNT" NOT NULL ENABLE);
  ALTER TABLE "SYSTEM"."AS_CAPITAL_MANAGEMENT" MODIFY ("SOURCE" NOT NULL ENABLE);
  ALTER TABLE "SYSTEM"."AS_CAPITAL_MANAGEMENT" MODIFY ("CM_ID" NOT NULL ENABLE);
--------------------------------------------------------
--  Constraints for Table AS_CUSTOMER
--------------------------------------------------------

  ALTER TABLE "SYSTEM"."AS_CUSTOMER" ADD CONSTRAINT "AS_CUSTOMER_PK" PRIMARY KEY ("CUSTOMER_ID")
  USING INDEX PCTFREE 10 INITRANS 2 MAXTRANS 255 COMPUTE STATISTICS 
  STORAGE(INITIAL 65536 NEXT 1048576 MINEXTENTS 1 MAXEXTENTS 2147483645
  PCTINCREASE 0 FREELISTS 1 FREELIST GROUPS 1 BUFFER_POOL DEFAULT FLASH_CACHE DEFAULT CELL_FLASH_CACHE DEFAULT)
  TABLESPACE "SYSTEM"  ENABLE;
  ALTER TABLE "SYSTEM"."AS_CUSTOMER" MODIFY ("EMPLOYMENT_DESC" NOT NULL ENABLE);
  ALTER TABLE "SYSTEM"."AS_CUSTOMER" MODIFY ("TENURE_WITH_CURR_EMPLOYER" NOT NULL ENABLE);
  ALTER TABLE "SYSTEM"."AS_CUSTOMER" MODIFY ("EXP_IN_PROFESSION_YEAR" NOT NULL ENABLE);
  ALTER TABLE "SYSTEM"."AS_CUSTOMER" MODIFY ("PROFESSION_TYPE" NOT NULL ENABLE);
  ALTER TABLE "SYSTEM"."AS_CUSTOMER" MODIFY ("EMPLOYMENT_TYPE" NOT NULL ENABLE);
  ALTER TABLE "SYSTEM"."AS_CUSTOMER" MODIFY ("POSTING_DATE" NOT NULL ENABLE);
  ALTER TABLE "SYSTEM"."AS_CUSTOMER" MODIFY ("CUST_EMPLOYMENT_ID" NOT NULL ENABLE);
  ALTER TABLE "SYSTEM"."AS_CUSTOMER" MODIFY ("CUST_DOB" NOT NULL ENABLE);
  ALTER TABLE "SYSTEM"."AS_CUSTOMER" MODIFY ("CUST_HOME_ADD" NOT NULL ENABLE);
  ALTER TABLE "SYSTEM"."AS_CUSTOMER" MODIFY ("CUST_CURR_ADD" NOT NULL ENABLE);
  ALTER TABLE "SYSTEM"."AS_CUSTOMER" MODIFY ("CUSTOMER_EMAIL" NOT NULL ENABLE);
  ALTER TABLE "SYSTEM"."AS_CUSTOMER" MODIFY ("CUSTOMER_CONTACT_NUM" NOT NULL ENABLE);
  ALTER TABLE "SYSTEM"."AS_CUSTOMER" MODIFY ("CUSTOMER_LAST_NAME" NOT NULL ENABLE);
  ALTER TABLE "SYSTEM"."AS_CUSTOMER" MODIFY ("CUSTOMER_FIRST_NAME" NOT NULL ENABLE);
  ALTER TABLE "SYSTEM"."AS_CUSTOMER" MODIFY ("CUSTOMER_ID" NOT NULL ENABLE);
--------------------------------------------------------
--  Constraints for Table AS_FINANCING_ENGINE
--------------------------------------------------------

  ALTER TABLE "SYSTEM"."AS_FINANCING_ENGINE" ADD CONSTRAINT "AS_FINANCING_ENGINE_PK" PRIMARY KEY ("FE_ID")
  USING INDEX PCTFREE 10 INITRANS 2 MAXTRANS 255 COMPUTE STATISTICS 
  STORAGE(INITIAL 65536 NEXT 1048576 MINEXTENTS 1 MAXEXTENTS 2147483645
  PCTINCREASE 0 FREELISTS 1 FREELIST GROUPS 1 BUFFER_POOL DEFAULT FLASH_CACHE DEFAULT CELL_FLASH_CACHE DEFAULT)
  TABLESPACE "SYSTEM"  ENABLE;
  ALTER TABLE "SYSTEM"."AS_FINANCING_ENGINE" MODIFY ("TENOR" NOT NULL ENABLE);
  ALTER TABLE "SYSTEM"."AS_FINANCING_ENGINE" MODIFY ("PROCESSING_FEE" NOT NULL ENABLE);
  ALTER TABLE "SYSTEM"."AS_FINANCING_ENGINE" MODIFY ("COLUMN2" NOT NULL ENABLE);
  ALTER TABLE "SYSTEM"."AS_FINANCING_ENGINE" MODIFY ("LRP_RATE" NOT NULL ENABLE);
  ALTER TABLE "SYSTEM"."AS_FINANCING_ENGINE" MODIFY ("MRF" NOT NULL ENABLE);
  ALTER TABLE "SYSTEM"."AS_FINANCING_ENGINE" MODIFY ("LOAN_ID" NOT NULL ENABLE);
  ALTER TABLE "SYSTEM"."AS_FINANCING_ENGINE" MODIFY ("FINANCE_SOURCE" NOT NULL ENABLE);
  ALTER TABLE "SYSTEM"."AS_FINANCING_ENGINE" MODIFY ("COLUMN1" NOT NULL ENABLE);
  ALTER TABLE "SYSTEM"."AS_FINANCING_ENGINE" MODIFY ("CONF_DESC" NOT NULL ENABLE);
  ALTER TABLE "SYSTEM"."AS_FINANCING_ENGINE" MODIFY ("CONF_TITLE" NOT NULL ENABLE);
  ALTER TABLE "SYSTEM"."AS_FINANCING_ENGINE" MODIFY ("DOCUMENT_CONF_ID" NOT NULL ENABLE);
  ALTER TABLE "SYSTEM"."AS_FINANCING_ENGINE" MODIFY ("MIN_LRP" NOT NULL ENABLE);
  ALTER TABLE "SYSTEM"."AS_FINANCING_ENGINE" MODIFY ("LOAN_RANGE" NOT NULL ENABLE);
  ALTER TABLE "SYSTEM"."AS_FINANCING_ENGINE" MODIFY ("AWS_RAMGE" NOT NULL ENABLE);
  ALTER TABLE "SYSTEM"."AS_FINANCING_ENGINE" MODIFY ("DESCRIPTION" NOT NULL ENABLE);
  ALTER TABLE "SYSTEM"."AS_FINANCING_ENGINE" MODIFY ("FE_TITLE" NOT NULL ENABLE);
  ALTER TABLE "SYSTEM"."AS_FINANCING_ENGINE" MODIFY ("FE_ID" NOT NULL ENABLE);
--------------------------------------------------------
--  Constraints for Table AS_INVESTMENT
--------------------------------------------------------

  ALTER TABLE "SYSTEM"."AS_INVESTMENT" ADD CONSTRAINT "AS_INVESTMENT_PK" PRIMARY KEY ("BUSINESS_ID", "INVESTOR_ID")
  USING INDEX PCTFREE 10 INITRANS 2 MAXTRANS 255 COMPUTE STATISTICS 
  STORAGE(INITIAL 65536 NEXT 1048576 MINEXTENTS 1 MAXEXTENTS 2147483645
  PCTINCREASE 0 FREELISTS 1 FREELIST GROUPS 1 BUFFER_POOL DEFAULT FLASH_CACHE DEFAULT CELL_FLASH_CACHE DEFAULT)
  TABLESPACE "SYSTEM"  ENABLE;
  ALTER TABLE "SYSTEM"."AS_INVESTMENT" MODIFY ("INVESTED_AMOUNT" NOT NULL ENABLE);
  ALTER TABLE "SYSTEM"."AS_INVESTMENT" MODIFY ("INVESTMENT_DATE" NOT NULL ENABLE);
  ALTER TABLE "SYSTEM"."AS_INVESTMENT" MODIFY ("INVESTOR_ID" NOT NULL ENABLE);
  ALTER TABLE "SYSTEM"."AS_INVESTMENT" MODIFY ("BUSINESS_ID" NOT NULL ENABLE);
--------------------------------------------------------
--  Constraints for Table AS_INVESTOR
--------------------------------------------------------

  ALTER TABLE "SYSTEM"."AS_INVESTOR" ADD CONSTRAINT "AS_INVESTOR_UK1" UNIQUE ("FIRST_NAME", "LAST_NAME", "INVESTOR_CONTACT_NUMBER", "INVESTOR_EMAIL")
  USING INDEX PCTFREE 10 INITRANS 2 MAXTRANS 255 COMPUTE STATISTICS 
  STORAGE(INITIAL 65536 NEXT 1048576 MINEXTENTS 1 MAXEXTENTS 2147483645
  PCTINCREASE 0 FREELISTS 1 FREELIST GROUPS 1 BUFFER_POOL DEFAULT FLASH_CACHE DEFAULT CELL_FLASH_CACHE DEFAULT)
  TABLESPACE "SYSTEM"  ENABLE;
  ALTER TABLE "SYSTEM"."AS_INVESTOR" ADD CONSTRAINT "AS_INVESTOR_PK" PRIMARY KEY ("INVESTOR_ID")
  USING INDEX PCTFREE 10 INITRANS 2 MAXTRANS 255 COMPUTE STATISTICS 
  STORAGE(INITIAL 65536 NEXT 1048576 MINEXTENTS 1 MAXEXTENTS 2147483645
  PCTINCREASE 0 FREELISTS 1 FREELIST GROUPS 1 BUFFER_POOL DEFAULT FLASH_CACHE DEFAULT CELL_FLASH_CACHE DEFAULT)
  TABLESPACE "SYSTEM"  ENABLE;
  ALTER TABLE "SYSTEM"."AS_INVESTOR" MODIFY ("INVESTOR_EMAIL" NOT NULL ENABLE);
  ALTER TABLE "SYSTEM"."AS_INVESTOR" MODIFY ("INVESTOR_CONTACT_NUMBER" NOT NULL ENABLE);
  ALTER TABLE "SYSTEM"."AS_INVESTOR" MODIFY ("LAST_NAME" NOT NULL ENABLE);
  ALTER TABLE "SYSTEM"."AS_INVESTOR" MODIFY ("FIRST_NAME" NOT NULL ENABLE);
  ALTER TABLE "SYSTEM"."AS_INVESTOR" MODIFY ("INVESTOR_ID" NOT NULL ENABLE);
--------------------------------------------------------
--  Constraints for Table AS_LOAN_MANAGEMENT
--------------------------------------------------------

  ALTER TABLE "SYSTEM"."AS_LOAN_MANAGEMENT" MODIFY ("AWS" NOT NULL ENABLE);
  ALTER TABLE "SYSTEM"."AS_LOAN_MANAGEMENT" MODIFY ("MERCHANT_ID" NOT NULL ENABLE);
  ALTER TABLE "SYSTEM"."AS_LOAN_MANAGEMENT" MODIFY ("MERCHANT_RISK_ID" NOT NULL ENABLE);
  ALTER TABLE "SYSTEM"."AS_LOAN_MANAGEMENT" MODIFY ("FE_ID" NOT NULL ENABLE);
  ALTER TABLE "SYSTEM"."AS_LOAN_MANAGEMENT" MODIFY ("CM_ID" NOT NULL ENABLE);
  ALTER TABLE "SYSTEM"."AS_LOAN_MANAGEMENT" MODIFY ("LOAN_AMOUNT" NOT NULL ENABLE);
  ALTER TABLE "SYSTEM"."AS_LOAN_MANAGEMENT" MODIFY ("RISK_FACTOR" NOT NULL ENABLE);
  ALTER TABLE "SYSTEM"."AS_LOAN_MANAGEMENT" ADD CONSTRAINT "AS_LOAN_MANAGEMENT_PK" PRIMARY KEY ("LOAN_MANAGEMENT_ID")
  USING INDEX PCTFREE 10 INITRANS 2 MAXTRANS 255 COMPUTE STATISTICS 
  STORAGE(INITIAL 65536 NEXT 1048576 MINEXTENTS 1 MAXEXTENTS 2147483645
  PCTINCREASE 0 FREELISTS 1 FREELIST GROUPS 1 BUFFER_POOL DEFAULT FLASH_CACHE DEFAULT CELL_FLASH_CACHE DEFAULT)
  TABLESPACE "SYSTEM"  ENABLE;
  ALTER TABLE "SYSTEM"."AS_LOAN_MANAGEMENT" MODIFY ("LOAN_MANAGEMENT_ID" NOT NULL ENABLE);
--------------------------------------------------------
--  Constraints for Table AS_MER_CUST_TRANSACTION
--------------------------------------------------------

  ALTER TABLE "SYSTEM"."AS_MER_CUST_TRANSACTION" ADD CONSTRAINT "AS_MER_CUST_TRANSACTION_PK" PRIMARY KEY ("MERCHANT_ID", "CUSTOMER_ID")
  USING INDEX PCTFREE 10 INITRANS 2 MAXTRANS 255 COMPUTE STATISTICS 
  STORAGE(INITIAL 65536 NEXT 1048576 MINEXTENTS 1 MAXEXTENTS 2147483645
  PCTINCREASE 0 FREELISTS 1 FREELIST GROUPS 1 BUFFER_POOL DEFAULT FLASH_CACHE DEFAULT CELL_FLASH_CACHE DEFAULT)
  TABLESPACE "SYSTEM"  ENABLE;
  ALTER TABLE "SYSTEM"."AS_MER_CUST_TRANSACTION" MODIFY ("AMOUNT" NOT NULL ENABLE);
  ALTER TABLE "SYSTEM"."AS_MER_CUST_TRANSACTION" MODIFY ("PAYMENT_STATIS" NOT NULL ENABLE);
  ALTER TABLE "SYSTEM"."AS_MER_CUST_TRANSACTION" MODIFY ("TRANSACTION_DATE" NOT NULL ENABLE);
  ALTER TABLE "SYSTEM"."AS_MER_CUST_TRANSACTION" MODIFY ("CUSTOMER_ID" NOT NULL ENABLE);
  ALTER TABLE "SYSTEM"."AS_MER_CUST_TRANSACTION" MODIFY ("MERCHANT_ID" NOT NULL ENABLE);
--------------------------------------------------------
--  Constraints for Table AS_MERCHANT
--------------------------------------------------------

  ALTER TABLE "SYSTEM"."AS_MERCHANT" ADD CONSTRAINT "AS_MERCHANT_PK" PRIMARY KEY ("MERCHANT_ID")
  USING INDEX PCTFREE 10 INITRANS 2 MAXTRANS 255 COMPUTE STATISTICS 
  STORAGE(INITIAL 65536 NEXT 1048576 MINEXTENTS 1 MAXEXTENTS 2147483645
  PCTINCREASE 0 FREELISTS 1 FREELIST GROUPS 1 BUFFER_POOL DEFAULT FLASH_CACHE DEFAULT CELL_FLASH_CACHE DEFAULT)
  TABLESPACE "SYSTEM"  ENABLE;
  ALTER TABLE "SYSTEM"."AS_MERCHANT" MODIFY ("AWS" NOT NULL ENABLE);
  ALTER TABLE "SYSTEM"."AS_MERCHANT" MODIFY ("SSM" NOT NULL ENABLE);
  ALTER TABLE "SYSTEM"."AS_MERCHANT" MODIFY ("MERCHANT_NAME" NOT NULL ENABLE);
  ALTER TABLE "SYSTEM"."AS_MERCHANT" MODIFY ("MERCHANT_ID" NOT NULL ENABLE);
--------------------------------------------------------
--  Constraints for Table AS_MERCHANT_ASSET
--------------------------------------------------------

  ALTER TABLE "SYSTEM"."AS_MERCHANT_ASSET" ADD CONSTRAINT "AS_MERCHANT_ASSET_PK" PRIMARY KEY ("MERCHANT_ASSET_ID")
  USING INDEX PCTFREE 10 INITRANS 2 MAXTRANS 255 COMPUTE STATISTICS 
  STORAGE(INITIAL 65536 NEXT 1048576 MINEXTENTS 1 MAXEXTENTS 2147483645
  PCTINCREASE 0 FREELISTS 1 FREELIST GROUPS 1 BUFFER_POOL DEFAULT FLASH_CACHE DEFAULT CELL_FLASH_CACHE DEFAULT)
  TABLESPACE "SYSTEM"  ENABLE;
  ALTER TABLE "SYSTEM"."AS_MERCHANT_ASSET" MODIFY ("POSSESSION_SINCE" NOT NULL ENABLE);
  ALTER TABLE "SYSTEM"."AS_MERCHANT_ASSET" MODIFY ("OWNERSHIP_PERCENTAGE" NOT NULL ENABLE);
  ALTER TABLE "SYSTEM"."AS_MERCHANT_ASSET" MODIFY ("ASSET_VALUE" NOT NULL ENABLE);
  ALTER TABLE "SYSTEM"."AS_MERCHANT_ASSET" MODIFY ("ASSET_TYPE" NOT NULL ENABLE);
  ALTER TABLE "SYSTEM"."AS_MERCHANT_ASSET" MODIFY ("MERCHANT_ID" NOT NULL ENABLE);
  ALTER TABLE "SYSTEM"."AS_MERCHANT_ASSET" MODIFY ("MERCHANT_ASSET_ID" NOT NULL ENABLE);
--------------------------------------------------------
--  Constraints for Table AS_MERCHANT_LIABILITY
--------------------------------------------------------

  ALTER TABLE "SYSTEM"."AS_MERCHANT_LIABILITY" ADD CONSTRAINT "AS_MERCHANT_LIABILITY_PK" PRIMARY KEY ("MERCHANT_LIABILITY_ID")
  USING INDEX PCTFREE 10 INITRANS 2 MAXTRANS 255 COMPUTE STATISTICS 
  STORAGE(INITIAL 65536 NEXT 1048576 MINEXTENTS 1 MAXEXTENTS 2147483645
  PCTINCREASE 0 FREELISTS 1 FREELIST GROUPS 1 BUFFER_POOL DEFAULT FLASH_CACHE DEFAULT CELL_FLASH_CACHE DEFAULT)
  TABLESPACE "SYSTEM"  ENABLE;
  ALTER TABLE "SYSTEM"."AS_MERCHANT_LIABILITY" MODIFY ("VALID_TO" NOT NULL ENABLE);
  ALTER TABLE "SYSTEM"."AS_MERCHANT_LIABILITY" MODIFY ("VALID_FROM" NOT NULL ENABLE);
  ALTER TABLE "SYSTEM"."AS_MERCHANT_LIABILITY" MODIFY ("LOAN_DATE" NOT NULL ENABLE);
  ALTER TABLE "SYSTEM"."AS_MERCHANT_LIABILITY" MODIFY ("LIABILITY_TYPE" NOT NULL ENABLE);
  ALTER TABLE "SYSTEM"."AS_MERCHANT_LIABILITY" MODIFY ("LIABILITY_OUTSTANDING" NOT NULL ENABLE);
  ALTER TABLE "SYSTEM"."AS_MERCHANT_LIABILITY" MODIFY ("MERCHANT_ID" NOT NULL ENABLE);
  ALTER TABLE "SYSTEM"."AS_MERCHANT_LIABILITY" MODIFY ("MERCHANT_LIABILITY_ID" NOT NULL ENABLE);
--------------------------------------------------------
--  Constraints for Table AS_RISK_ENGINE
--------------------------------------------------------

  ALTER TABLE "SYSTEM"."AS_RISK_ENGINE" ADD CONSTRAINT "AS_RISK_ENGINE_PK" PRIMARY KEY ("MERCHANT_RISK_ID")
  USING INDEX PCTFREE 10 INITRANS 2 MAXTRANS 255 COMPUTE STATISTICS 
  STORAGE(INITIAL 65536 NEXT 1048576 MINEXTENTS 1 MAXEXTENTS 2147483645
  PCTINCREASE 0 FREELISTS 1 FREELIST GROUPS 1 BUFFER_POOL DEFAULT FLASH_CACHE DEFAULT CELL_FLASH_CACHE DEFAULT)
  TABLESPACE "SYSTEM"  ENABLE;
  ALTER TABLE "SYSTEM"."AS_RISK_ENGINE" MODIFY ("VALID_TO" NOT NULL ENABLE);
  ALTER TABLE "SYSTEM"."AS_RISK_ENGINE" MODIFY ("VALID_FROM" NOT NULL ENABLE);
  ALTER TABLE "SYSTEM"."AS_RISK_ENGINE" MODIFY ("TOTAL_LOAN_WEIGHTAGE" NOT NULL ENABLE);
  ALTER TABLE "SYSTEM"."AS_RISK_ENGINE" MODIFY ("TOTAL_RISK_WEIGHTAGE" NOT NULL ENABLE);
  ALTER TABLE "SYSTEM"."AS_RISK_ENGINE" MODIFY ("MAX_LIGITATION_FACTOR" NOT NULL ENABLE);
  ALTER TABLE "SYSTEM"."AS_RISK_ENGINE" MODIFY ("MIN_LIGITATION_FACTOR" NOT NULL ENABLE);
  ALTER TABLE "SYSTEM"."AS_RISK_ENGINE" MODIFY ("LIGITATION_FACTOR" NOT NULL ENABLE);
  ALTER TABLE "SYSTEM"."AS_RISK_ENGINE" MODIFY ("MAX_LOAN_RATE" NOT NULL ENABLE);
  ALTER TABLE "SYSTEM"."AS_RISK_ENGINE" MODIFY ("MIN_LOAN_RATE" NOT NULL ENABLE);
  ALTER TABLE "SYSTEM"."AS_RISK_ENGINE" MODIFY ("MAX_CREDIT_FACTOR" NOT NULL ENABLE);
  ALTER TABLE "SYSTEM"."AS_RISK_ENGINE" MODIFY ("MIN_CREDIT_FACTOR" NOT NULL ENABLE);
  ALTER TABLE "SYSTEM"."AS_RISK_ENGINE" MODIFY ("CREDIT_WEIGHTAGE" NOT NULL ENABLE);
  ALTER TABLE "SYSTEM"."AS_RISK_ENGINE" MODIFY ("MERCHANT_RISK_ID" NOT NULL ENABLE);
--------------------------------------------------------
--  Constraints for Table AS_RISK_MANAGEMENT
--------------------------------------------------------

  ALTER TABLE "SYSTEM"."AS_RISK_MANAGEMENT" ADD CONSTRAINT "AS_RISK_MANAGEMENT_PK" PRIMARY KEY ("MERCHANT_RISK_DETAIL_ID")
  USING INDEX PCTFREE 10 INITRANS 2 MAXTRANS 255 COMPUTE STATISTICS 
  STORAGE(INITIAL 65536 NEXT 1048576 MINEXTENTS 1 MAXEXTENTS 2147483645
  PCTINCREASE 0 FREELISTS 1 FREELIST GROUPS 1 BUFFER_POOL DEFAULT FLASH_CACHE DEFAULT CELL_FLASH_CACHE DEFAULT)
  TABLESPACE "SYSTEM"  ENABLE;
  ALTER TABLE "SYSTEM"."AS_RISK_MANAGEMENT" MODIFY ("MERCHANT_RISK_ID" NOT NULL ENABLE);
  ALTER TABLE "SYSTEM"."AS_RISK_MANAGEMENT" MODIFY ("AGENT_NAME" NOT NULL ENABLE);
  ALTER TABLE "SYSTEM"."AS_RISK_MANAGEMENT" MODIFY ("CREDIT_AGENT_ID" NOT NULL ENABLE);
  ALTER TABLE "SYSTEM"."AS_RISK_MANAGEMENT" MODIFY ("MERCHANT_ID" NOT NULL ENABLE);
  ALTER TABLE "SYSTEM"."AS_RISK_MANAGEMENT" MODIFY ("INVOICE_PAYMENT_PERFORMANCE" NOT NULL ENABLE);
  ALTER TABLE "SYSTEM"."AS_RISK_MANAGEMENT" MODIFY ("TR" NOT NULL ENABLE);
  ALTER TABLE "SYSTEM"."AS_RISK_MANAGEMENT" MODIFY ("AMLA" NOT NULL ENABLE);
  ALTER TABLE "SYSTEM"."AS_RISK_MANAGEMENT" MODIFY ("CASES_HISTORY" NOT NULL ENABLE);
  ALTER TABLE "SYSTEM"."AS_RISK_MANAGEMENT" MODIFY ("PENDING_CASES" NOT NULL ENABLE);
  ALTER TABLE "SYSTEM"."AS_RISK_MANAGEMENT" MODIFY ("LGL" NOT NULL ENABLE);
  ALTER TABLE "SYSTEM"."AS_RISK_MANAGEMENT" MODIFY ("OFFICE_ADDRESS" NOT NULL ENABLE);
  ALTER TABLE "SYSTEM"."AS_RISK_MANAGEMENT" MODIFY ("BUSINESS" NOT NULL ENABLE);
  ALTER TABLE "SYSTEM"."AS_RISK_MANAGEMENT" MODIFY ("FINANCIAL_ANNUM_REPORT" NOT NULL ENABLE);
  ALTER TABLE "SYSTEM"."AS_RISK_MANAGEMENT" MODIFY ("SHAREHOLDERS" NOT NULL ENABLE);
  ALTER TABLE "SYSTEM"."AS_RISK_MANAGEMENT" MODIFY ("BOARD_OF_DIRECTOR" NOT NULL ENABLE);
  ALTER TABLE "SYSTEM"."AS_RISK_MANAGEMENT" MODIFY ("SSM" NOT NULL ENABLE);
  ALTER TABLE "SYSTEM"."AS_RISK_MANAGEMENT" MODIFY ("BOUNDED_CHECK" NOT NULL ENABLE);
  ALTER TABLE "SYSTEM"."AS_RISK_MANAGEMENT" MODIFY ("CCRIS" NOT NULL ENABLE);
  ALTER TABLE "SYSTEM"."AS_RISK_MANAGEMENT" MODIFY ("CREDIT_APP_HISTORY" NOT NULL ENABLE);
  ALTER TABLE "SYSTEM"."AS_RISK_MANAGEMENT" MODIFY ("FINANCE_INDICATOR_ID" NOT NULL ENABLE);
  ALTER TABLE "SYSTEM"."AS_RISK_MANAGEMENT" MODIFY ("COMPANY_REG_NO" NOT NULL ENABLE);
  ALTER TABLE "SYSTEM"."AS_RISK_MANAGEMENT" MODIFY ("LIGITATION_INDEX_SCORE" NOT NULL ENABLE);
  ALTER TABLE "SYSTEM"."AS_RISK_MANAGEMENT" MODIFY ("MAX_SUGGESTED_ENTITLEMENT" NOT NULL ENABLE);
  ALTER TABLE "SYSTEM"."AS_RISK_MANAGEMENT" MODIFY ("MIN_SUGGESTED_ENTITLEMENT" NOT NULL ENABLE);
  ALTER TABLE "SYSTEM"."AS_RISK_MANAGEMENT" MODIFY ("KYC_SCORE" NOT NULL ENABLE);
  ALTER TABLE "SYSTEM"."AS_RISK_MANAGEMENT" MODIFY ("CREDIT_SCORE" NOT NULL ENABLE);
  ALTER TABLE "SYSTEM"."AS_RISK_MANAGEMENT" MODIFY ("MERCHANT_RISK_DETAIL_ID" NOT NULL ENABLE);
--------------------------------------------------------
--  Constraints for Table AS_TRANSACTION
--------------------------------------------------------

  ALTER TABLE "SYSTEM"."AS_TRANSACTION" MODIFY ("ACCOUNT_ID" NOT NULL ENABLE);
  ALTER TABLE "SYSTEM"."AS_TRANSACTION" ADD CONSTRAINT "AS_TRANSACTION_PK" PRIMARY KEY ("TRANSACTION_ID")
  USING INDEX PCTFREE 10 INITRANS 2 MAXTRANS 255 COMPUTE STATISTICS 
  STORAGE(INITIAL 65536 NEXT 1048576 MINEXTENTS 1 MAXEXTENTS 2147483645
  PCTINCREASE 0 FREELISTS 1 FREELIST GROUPS 1 BUFFER_POOL DEFAULT FLASH_CACHE DEFAULT CELL_FLASH_CACHE DEFAULT)
  TABLESPACE "SYSTEM"  ENABLE;
  ALTER TABLE "SYSTEM"."AS_TRANSACTION" MODIFY ("BUSINESS_ID" NOT NULL ENABLE);
  ALTER TABLE "SYSTEM"."AS_TRANSACTION" MODIFY ("AMMOUNT" NOT NULL ENABLE);
  ALTER TABLE "SYSTEM"."AS_TRANSACTION" MODIFY ("TRANS_TYPE" NOT NULL ENABLE);
  ALTER TABLE "SYSTEM"."AS_TRANSACTION" MODIFY ("TRANS_DATE" NOT NULL ENABLE);
  ALTER TABLE "SYSTEM"."AS_TRANSACTION" MODIFY ("TRANSACTION_ID" NOT NULL ENABLE);
--------------------------------------------------------
--  Ref Constraints for Table AS_ACCOUNT
--------------------------------------------------------

  ALTER TABLE "SYSTEM"."AS_ACCOUNT" ADD CONSTRAINT "CUSTOMER_FK2" FOREIGN KEY ("CUSTOMER_ID")
	  REFERENCES "SYSTEM"."AS_CUSTOMER" ("CUSTOMER_ID") ENABLE;
  ALTER TABLE "SYSTEM"."AS_ACCOUNT" ADD CONSTRAINT "MERCHANT_FK6" FOREIGN KEY ("MERCHANT_ID")
	  REFERENCES "SYSTEM"."AS_MERCHANT" ("MERCHANT_ID") ENABLE;
--------------------------------------------------------
--  Ref Constraints for Table AS_CAPITAL_MANAGEMENT
--------------------------------------------------------

  ALTER TABLE "SYSTEM"."AS_CAPITAL_MANAGEMENT" ADD CONSTRAINT "CE_ID_FK1" FOREIGN KEY ("CE_ID")
	  REFERENCES "SYSTEM"."AS_CAPITAL_ENGINE" ("CE_ID") ON DELETE CASCADE ENABLE;
  ALTER TABLE "SYSTEM"."AS_CAPITAL_MANAGEMENT" ADD CONSTRAINT "CM_BUSINESS_ID_FK1" FOREIGN KEY ("BUSINESS_ID")
	  REFERENCES "SYSTEM"."AS_BUSINESS_PRODUCT_OWNER" ("BUSINESS_ID") ON DELETE CASCADE ENABLE;
--------------------------------------------------------
--  Ref Constraints for Table AS_INVESTMENT
--------------------------------------------------------

  ALTER TABLE "SYSTEM"."AS_INVESTMENT" ADD CONSTRAINT "BUSINESS_ID_FK1" FOREIGN KEY ("BUSINESS_ID")
	  REFERENCES "SYSTEM"."AS_BUSINESS_PRODUCT_OWNER" ("BUSINESS_ID") ON DELETE CASCADE ENABLE;
  ALTER TABLE "SYSTEM"."AS_INVESTMENT" ADD CONSTRAINT "INVESTOR_ID_FK1" FOREIGN KEY ("INVESTOR_ID")
	  REFERENCES "SYSTEM"."AS_INVESTOR" ("INVESTOR_ID") ON DELETE CASCADE ENABLE;
--------------------------------------------------------
--  Ref Constraints for Table AS_LOAN_MANAGEMENT
--------------------------------------------------------

  ALTER TABLE "SYSTEM"."AS_LOAN_MANAGEMENT" ADD CONSTRAINT "CM_FK2" FOREIGN KEY ("CM_ID")
	  REFERENCES "SYSTEM"."AS_CAPITAL_MANAGEMENT" ("CM_ID") ENABLE;
  ALTER TABLE "SYSTEM"."AS_LOAN_MANAGEMENT" ADD CONSTRAINT "FE_FK2" FOREIGN KEY ("FE_ID")
	  REFERENCES "SYSTEM"."AS_FINANCING_ENGINE" ("FE_ID") ENABLE;
  ALTER TABLE "SYSTEM"."AS_LOAN_MANAGEMENT" ADD CONSTRAINT "MERCHANT_ID_FK1" FOREIGN KEY ("MERCHANT_ID")
	  REFERENCES "SYSTEM"."AS_MERCHANT" ("MERCHANT_ID") ENABLE;
  ALTER TABLE "SYSTEM"."AS_LOAN_MANAGEMENT" ADD CONSTRAINT "MERCHANT_RISK_FK2" FOREIGN KEY ("MERCHANT_RISK_ID")
	  REFERENCES "SYSTEM"."AS_RISK_ENGINE" ("MERCHANT_RISK_ID") ENABLE;
--------------------------------------------------------
--  Ref Constraints for Table AS_MER_CUST_TRANSACTION
--------------------------------------------------------

  ALTER TABLE "SYSTEM"."AS_MER_CUST_TRANSACTION" ADD CONSTRAINT "CUSTOMER_FK1" FOREIGN KEY ("CUSTOMER_ID")
	  REFERENCES "SYSTEM"."AS_CUSTOMER" ("CUSTOMER_ID") ENABLE;
  ALTER TABLE "SYSTEM"."AS_MER_CUST_TRANSACTION" ADD CONSTRAINT "MERCHANT_FK5" FOREIGN KEY ("MERCHANT_ID")
	  REFERENCES "SYSTEM"."AS_MERCHANT" ("MERCHANT_ID") ENABLE;
--------------------------------------------------------
--  Ref Constraints for Table AS_MERCHANT_ASSET
--------------------------------------------------------

  ALTER TABLE "SYSTEM"."AS_MERCHANT_ASSET" ADD CONSTRAINT "ASSET_MERCHANT_FK4" FOREIGN KEY ("MERCHANT_ID")
	  REFERENCES "SYSTEM"."AS_MERCHANT" ("MERCHANT_ID") ENABLE;
--------------------------------------------------------
--  Ref Constraints for Table AS_MERCHANT_LIABILITY
--------------------------------------------------------

  ALTER TABLE "SYSTEM"."AS_MERCHANT_LIABILITY" ADD CONSTRAINT "MERCHANT_ID_FK3" FOREIGN KEY ("MERCHANT_ID")
	  REFERENCES "SYSTEM"."AS_MERCHANT" ("MERCHANT_ID") ENABLE;
--------------------------------------------------------
--  Ref Constraints for Table AS_RISK_MANAGEMENT
--------------------------------------------------------

  ALTER TABLE "SYSTEM"."AS_RISK_MANAGEMENT" ADD CONSTRAINT "MERCHANT_RISK_ID_FK1" FOREIGN KEY ("MERCHANT_RISK_ID")
	  REFERENCES "SYSTEM"."AS_RISK_ENGINE" ("MERCHANT_RISK_ID") ON DELETE CASCADE ENABLE;
  ALTER TABLE "SYSTEM"."AS_RISK_MANAGEMENT" ADD CONSTRAINT "RM_MERCHANT_ID_FK1" FOREIGN KEY ("MERCHANT_ID")
	  REFERENCES "SYSTEM"."AS_MERCHANT" ("MERCHANT_ID") ON DELETE CASCADE ENABLE;
--------------------------------------------------------
--  Ref Constraints for Table AS_TRANSACTION
--------------------------------------------------------

  ALTER TABLE "SYSTEM"."AS_TRANSACTION" ADD CONSTRAINT "ACCOUNT_FK1" FOREIGN KEY ("ACCOUNT_ID")
	  REFERENCES "SYSTEM"."AS_ACCOUNT" ("ACCOUNT_ID") ENABLE;
