--------------------------------------------------------
--  File created - Wednesday-January-18-2023   
--------------------------------------------------------
--------------------------------------------------------
--  DDL for Table AS_ACCOUNT
--------------------------------------------------------

  CREATE TABLE "SYSTEM"."AS_ACCOUNT" 
   (	"ACCOUNT_ID" NUMBER, 
	"ACCOUNT_NAME" VARCHAR2(20 BYTE), 
	"DISTRICT_ID" NUMBER, 
	"DATE_CREATED" DATE, 
	"CUSTOMER_ID" NUMBER, 
	"MERCHANT_ID" NUMBER, 
	"ACCOUNT_PASSWORD" VARCHAR2(65 BYTE)
   ) PCTFREE 10 PCTUSED 40 INITRANS 1 MAXTRANS 255 NOCOMPRESS LOGGING
  STORAGE(INITIAL 65536 NEXT 1048576 MINEXTENTS 1 MAXEXTENTS 2147483645
  PCTINCREASE 0 FREELISTS 1 FREELIST GROUPS 1 BUFFER_POOL DEFAULT FLASH_CACHE DEFAULT CELL_FLASH_CACHE DEFAULT)
  TABLESPACE "SYSTEM" ;

   COMMENT ON COLUMN "SYSTEM"."AS_ACCOUNT"."ACCOUNT_PASSWORD" IS 'SHA256 encrypted';
--------------------------------------------------------
--  DDL for Table AS_BUSINESS_PRODUCT_OWNER
--------------------------------------------------------

  CREATE TABLE "SYSTEM"."AS_BUSINESS_PRODUCT_OWNER" 
   (	"BUSINESS_ID" NUMBER(4,0), 
	"BUSINESS_NAME" VARCHAR2(20 BYTE), 
	"BUSINESS_TYPE" VARCHAR2(20 BYTE), 
	"CONTACT_EMAIL" VARCHAR2(20 BYTE), 
	"CURRENT_ADDRESS" VARCHAR2(50 BYTE), 
	"OFFICE_ADDRESS" VARCHAR2(50 BYTE), 
	"CONTACT_NUMBER" VARCHAR2(20 BYTE)
   ) PCTFREE 10 PCTUSED 40 INITRANS 1 MAXTRANS 255 NOCOMPRESS LOGGING
  STORAGE(INITIAL 65536 NEXT 1048576 MINEXTENTS 1 MAXEXTENTS 2147483645
  PCTINCREASE 0 FREELISTS 1 FREELIST GROUPS 1 BUFFER_POOL DEFAULT FLASH_CACHE DEFAULT CELL_FLASH_CACHE DEFAULT)
  TABLESPACE "SYSTEM" ;
--------------------------------------------------------
--  DDL for Table AS_CAPITAL_ENGINE
--------------------------------------------------------

  CREATE TABLE "SYSTEM"."AS_CAPITAL_ENGINE" 
   (	"CE_ID" NUMBER, 
	"TITLE" VARCHAR2(20 BYTE), 
	"DESCRIPTION" VARCHAR2(200 BYTE), 
	"MIN_ROI_RATE" FLOAT(126), 
	"THRESHOLD_AMOUNT" NUMBER, 
	"PRIORITY" VARCHAR2(20 BYTE)
   ) PCTFREE 10 PCTUSED 40 INITRANS 1 MAXTRANS 255 NOCOMPRESS LOGGING
  STORAGE(INITIAL 65536 NEXT 1048576 MINEXTENTS 1 MAXEXTENTS 2147483645
  PCTINCREASE 0 FREELISTS 1 FREELIST GROUPS 1 BUFFER_POOL DEFAULT FLASH_CACHE DEFAULT CELL_FLASH_CACHE DEFAULT)
  TABLESPACE "SYSTEM" ;
--------------------------------------------------------
--  DDL for Table AS_CAPITAL_MANAGEMENT
--------------------------------------------------------

  CREATE TABLE "SYSTEM"."AS_CAPITAL_MANAGEMENT" 
   (	"CM_ID" NUMBER, 
	"SOURCE" VARCHAR2(20 BYTE), 
	"CAPITAL_AMOUNT" NUMBER, 
	"ROI" NUMBER, 
	"CE_ID" NUMBER, 
	"BUSINESS_ID" NUMBER(4,0)
   ) PCTFREE 10 PCTUSED 40 INITRANS 1 MAXTRANS 255 NOCOMPRESS LOGGING
  STORAGE(INITIAL 65536 NEXT 1048576 MINEXTENTS 1 MAXEXTENTS 2147483645
  PCTINCREASE 0 FREELISTS 1 FREELIST GROUPS 1 BUFFER_POOL DEFAULT FLASH_CACHE DEFAULT CELL_FLASH_CACHE DEFAULT)
  TABLESPACE "SYSTEM" ;
--------------------------------------------------------
--  DDL for Table AS_CREDIT_RISK_PROVIDER
--------------------------------------------------------

  CREATE TABLE "SYSTEM"."AS_CREDIT_RISK_PROVIDER" 
   (	"CREDIT_AGENT_ID" NUMBER, 
	"AGENT_NAME" VARCHAR2(20 BYTE)
   ) PCTFREE 10 PCTUSED 40 INITRANS 1 MAXTRANS 255 NOCOMPRESS LOGGING
  STORAGE(INITIAL 65536 NEXT 1048576 MINEXTENTS 1 MAXEXTENTS 2147483645
  PCTINCREASE 0 FREELISTS 1 FREELIST GROUPS 1 BUFFER_POOL DEFAULT FLASH_CACHE DEFAULT CELL_FLASH_CACHE DEFAULT)
  TABLESPACE "SYSTEM" ;
--------------------------------------------------------
--  DDL for Table AS_CUSTOMER
--------------------------------------------------------

  CREATE TABLE "SYSTEM"."AS_CUSTOMER" 
   (	"CUSTOMER_ID" NUMBER, 
	"CUSTOMER_FIRST_NAME" VARCHAR2(20 BYTE), 
	"CUSTOMER_LAST_NAME" VARCHAR2(20 BYTE), 
	"CUSTOMER_CONTACT_NUM" VARCHAR2(20 BYTE), 
	"CUSTOMER_EMAIL" VARCHAR2(20 BYTE), 
	"CUST_CURR_ADD" VARCHAR2(200 BYTE), 
	"CUST_HOME_ADD" VARCHAR2(200 BYTE), 
	"CUST_DOB" VARCHAR2(20 BYTE), 
	"CUST_EMPLOYMENT_ID" VARCHAR2(20 BYTE)
   ) PCTFREE 10 PCTUSED 40 INITRANS 1 MAXTRANS 255 NOCOMPRESS LOGGING
  STORAGE(INITIAL 65536 NEXT 1048576 MINEXTENTS 1 MAXEXTENTS 2147483645
  PCTINCREASE 0 FREELISTS 1 FREELIST GROUPS 1 BUFFER_POOL DEFAULT FLASH_CACHE DEFAULT CELL_FLASH_CACHE DEFAULT)
  TABLESPACE "SYSTEM" ;
--------------------------------------------------------
--  DDL for Table AS_DISTRICT
--------------------------------------------------------

  CREATE TABLE "SYSTEM"."AS_DISTRICT" 
   (	"DISTRICT_ID" NUMBER, 
	"REGION" VARCHAR2(200 BYTE), 
	"CITY" VARCHAR2(200 BYTE), 
	"RATIO_URBAN" NUMBER, 
	"AVG_SALARY" FLOAT(126)
   ) PCTFREE 10 PCTUSED 40 INITRANS 1 MAXTRANS 255 NOCOMPRESS LOGGING
  STORAGE(INITIAL 65536 NEXT 1048576 MINEXTENTS 1 MAXEXTENTS 2147483645
  PCTINCREASE 0 FREELISTS 1 FREELIST GROUPS 1 BUFFER_POOL DEFAULT FLASH_CACHE DEFAULT CELL_FLASH_CACHE DEFAULT)
  TABLESPACE "SYSTEM" ;
--------------------------------------------------------
--  DDL for Table AS_DOCUMENT
--------------------------------------------------------

  CREATE TABLE "SYSTEM"."AS_DOCUMENT" 
   (	"DOCUMENT_CONF_ID" NUMBER, 
	"CONF_TITLE" VARCHAR2(50 BYTE), 
	"CONF_DESC" VARCHAR2(200 BYTE), 
	"MANDATORY_FLAG" VARCHAR2(20 BYTE)
   ) PCTFREE 10 PCTUSED 40 INITRANS 1 MAXTRANS 255 NOCOMPRESS LOGGING
  STORAGE(INITIAL 65536 NEXT 1048576 MINEXTENTS 1 MAXEXTENTS 2147483645
  PCTINCREASE 0 FREELISTS 1 FREELIST GROUPS 1 BUFFER_POOL DEFAULT FLASH_CACHE DEFAULT CELL_FLASH_CACHE DEFAULT)
  TABLESPACE "SYSTEM" ;
--------------------------------------------------------
--  DDL for Table AS_EMPLOYMENT_DETAIL
--------------------------------------------------------

  CREATE TABLE "SYSTEM"."AS_EMPLOYMENT_DETAIL" 
   (	"CUST_EMPLOYMENT_ID" VARCHAR2(20 BYTE), 
	"POSTING_DATE" VARCHAR2(20 BYTE), 
	"EMPLOYMENT_TYPE" VARCHAR2(20 BYTE), 
	"PROFESSION_TYPE" VARCHAR2(20 BYTE), 
	"EXP_IN_PROFESSION_YEAR" VARCHAR2(20 BYTE), 
	"TENURE_WITH_CURR_EMPLOYER" VARCHAR2(20 BYTE), 
	"EMPLOYMENT_DESC" VARCHAR2(200 BYTE)
   ) PCTFREE 10 PCTUSED 40 INITRANS 1 MAXTRANS 255 NOCOMPRESS LOGGING
  STORAGE(INITIAL 65536 NEXT 1048576 MINEXTENTS 1 MAXEXTENTS 2147483645
  PCTINCREASE 0 FREELISTS 1 FREELIST GROUPS 1 BUFFER_POOL DEFAULT FLASH_CACHE DEFAULT CELL_FLASH_CACHE DEFAULT)
  TABLESPACE "SYSTEM" ;
--------------------------------------------------------
--  DDL for Table AS_FINANCING_ENGINE
--------------------------------------------------------

  CREATE TABLE "SYSTEM"."AS_FINANCING_ENGINE" 
   (	"FE_ID" NUMBER, 
	"FE_TITLE" VARCHAR2(20 BYTE), 
	"DESCRIPTION" VARCHAR2(200 BYTE), 
	"AWS_RAMGE" VARCHAR2(20 BYTE), 
	"LOAN_RANGE" VARCHAR2(20 BYTE), 
	"MIN_LRP" NUMBER
   ) PCTFREE 10 PCTUSED 40 INITRANS 1 MAXTRANS 255 NOCOMPRESS LOGGING
  STORAGE(INITIAL 65536 NEXT 1048576 MINEXTENTS 1 MAXEXTENTS 2147483645
  PCTINCREASE 0 FREELISTS 1 FREELIST GROUPS 1 BUFFER_POOL DEFAULT FLASH_CACHE DEFAULT CELL_FLASH_CACHE DEFAULT)
  TABLESPACE "SYSTEM" ;

   COMMENT ON COLUMN "SYSTEM"."AS_FINANCING_ENGINE"."AWS_RAMGE" IS 'AVERAGE WEEKLY SALES RANGE';
--------------------------------------------------------
--  DDL for Table AS_INVESTMENT
--------------------------------------------------------

  CREATE TABLE "SYSTEM"."AS_INVESTMENT" 
   (	"BUSINESS_ID" NUMBER(4,0), 
	"INVESTOR_ID" NUMBER, 
	"INVESTMENT_DATE" DATE, 
	"INVESTED_AMOUNT" NUMBER
   ) PCTFREE 10 PCTUSED 40 INITRANS 1 MAXTRANS 255 NOCOMPRESS LOGGING
  STORAGE(INITIAL 65536 NEXT 1048576 MINEXTENTS 1 MAXEXTENTS 2147483645
  PCTINCREASE 0 FREELISTS 1 FREELIST GROUPS 1 BUFFER_POOL DEFAULT FLASH_CACHE DEFAULT CELL_FLASH_CACHE DEFAULT)
  TABLESPACE "SYSTEM" ;
--------------------------------------------------------
--  DDL for Table AS_INVESTOR
--------------------------------------------------------

  CREATE TABLE "SYSTEM"."AS_INVESTOR" 
   (	"INVESTOR_ID" NUMBER, 
	"FIRST_NAME" VARCHAR2(20 BYTE), 
	"LAST_NAME" VARCHAR2(20 BYTE), 
	"INVESTOR_CONTACT_NUMBER" VARCHAR2(20 BYTE), 
	"INVESTOR_EMAIL" VARCHAR2(20 BYTE)
   ) PCTFREE 10 PCTUSED 40 INITRANS 1 MAXTRANS 255 NOCOMPRESS LOGGING
  STORAGE(INITIAL 65536 NEXT 1048576 MINEXTENTS 1 MAXEXTENTS 2147483645
  PCTINCREASE 0 FREELISTS 1 FREELIST GROUPS 1 BUFFER_POOL DEFAULT FLASH_CACHE DEFAULT CELL_FLASH_CACHE DEFAULT)
  TABLESPACE "SYSTEM" ;
--------------------------------------------------------
--  DDL for Table AS_LOAN_DETAIL
--------------------------------------------------------

  CREATE TABLE "SYSTEM"."AS_LOAN_DETAIL" 
   (	"LOAN_ID" NUMBER, 
	"MRF" NUMBER, 
	"LRP_RATE" VARCHAR2(20 BYTE), 
	"INTEREST_RATE" VARCHAR2(20 BYTE), 
	"PROCESSING_FEE" NUMBER, 
	"TENOR" NUMBER
   ) PCTFREE 10 PCTUSED 40 INITRANS 1 MAXTRANS 255 NOCOMPRESS LOGGING
  STORAGE(INITIAL 65536 NEXT 1048576 MINEXTENTS 1 MAXEXTENTS 2147483645
  PCTINCREASE 0 FREELISTS 1 FREELIST GROUPS 1 BUFFER_POOL DEFAULT FLASH_CACHE DEFAULT CELL_FLASH_CACHE DEFAULT)
  TABLESPACE "SYSTEM" ;
--------------------------------------------------------
--  DDL for Table AS_LOAN_MANAGEMENT
--------------------------------------------------------

  CREATE TABLE "SYSTEM"."AS_LOAN_MANAGEMENT" 
   (	"LOAN_MANAGEMENT_ID" NUMBER, 
	"RISK_FACTOR" NUMBER, 
	"LOAN_AMOUNT" NUMBER, 
	"CM_ID" NUMBER, 
	"FE_ID" NUMBER, 
	"MERCHANT_RISK_ID" NUMBER, 
	"MERCHANT_ID" NUMBER, 
	"DOCUMENT_CONF_ID" NUMBER, 
	"LOAN_ID" NUMBER
   ) PCTFREE 10 PCTUSED 40 INITRANS 1 MAXTRANS 255 NOCOMPRESS LOGGING
  STORAGE(INITIAL 65536 NEXT 1048576 MINEXTENTS 1 MAXEXTENTS 2147483645
  PCTINCREASE 0 FREELISTS 1 FREELIST GROUPS 1 BUFFER_POOL DEFAULT FLASH_CACHE DEFAULT CELL_FLASH_CACHE DEFAULT)
  TABLESPACE "SYSTEM" ;
--------------------------------------------------------
--  DDL for Table AS_MER_CUST_TRANSACTION
--------------------------------------------------------

  CREATE TABLE "SYSTEM"."AS_MER_CUST_TRANSACTION" 
   (	"MERCHANT_ID" NUMBER, 
	"CUSTOMER_ID" NUMBER, 
	"TRANSACTION_DATE" DATE, 
	"PAYMENT_STATIS" VARCHAR2(20 BYTE), 
	"AMOUNT" NUMBER
   ) PCTFREE 10 PCTUSED 40 INITRANS 1 MAXTRANS 255 NOCOMPRESS LOGGING
  STORAGE(INITIAL 65536 NEXT 1048576 MINEXTENTS 1 MAXEXTENTS 2147483645
  PCTINCREASE 0 FREELISTS 1 FREELIST GROUPS 1 BUFFER_POOL DEFAULT FLASH_CACHE DEFAULT CELL_FLASH_CACHE DEFAULT)
  TABLESPACE "SYSTEM" ;
--------------------------------------------------------
--  DDL for Table AS_MERCHANT
--------------------------------------------------------

  CREATE TABLE "SYSTEM"."AS_MERCHANT" 
   (	"MERCHANT_ID" NUMBER, 
	"MERCHANT_NAME" VARCHAR2(20 BYTE), 
	"SSM" VARCHAR2(20 BYTE), 
	"AWS" VARCHAR2(20 BYTE), 
	"MERCHANT_EMAIL" VARCHAR2(20 BYTE)
   ) PCTFREE 10 PCTUSED 40 INITRANS 1 MAXTRANS 255 NOCOMPRESS LOGGING
  STORAGE(INITIAL 65536 NEXT 1048576 MINEXTENTS 1 MAXEXTENTS 2147483645
  PCTINCREASE 0 FREELISTS 1 FREELIST GROUPS 1 BUFFER_POOL DEFAULT FLASH_CACHE DEFAULT CELL_FLASH_CACHE DEFAULT)
  TABLESPACE "SYSTEM" ;

   COMMENT ON COLUMN "SYSTEM"."AS_MERCHANT"."AWS" IS 'AVERAGE WEEKLY SALES';
--------------------------------------------------------
--  DDL for Table AS_MERCHANT_ASSET
--------------------------------------------------------

  CREATE TABLE "SYSTEM"."AS_MERCHANT_ASSET" 
   (	"MERCHANT_ASSET_ID" NUMBER, 
	"MERCHANT_ID" NUMBER, 
	"ASSET_TYPE" VARCHAR2(20 BYTE), 
	"ASSET_VALUE" NUMBER, 
	"OWNERSHIP_PERCENTAGE" FLOAT(126), 
	"POSSESSION_SINCE" DATE
   ) PCTFREE 10 PCTUSED 40 INITRANS 1 MAXTRANS 255 NOCOMPRESS LOGGING
  STORAGE(INITIAL 65536 NEXT 1048576 MINEXTENTS 1 MAXEXTENTS 2147483645
  PCTINCREASE 0 FREELISTS 1 FREELIST GROUPS 1 BUFFER_POOL DEFAULT FLASH_CACHE DEFAULT CELL_FLASH_CACHE DEFAULT)
  TABLESPACE "SYSTEM" ;
--------------------------------------------------------
--  DDL for Table AS_MERCHANT_LIABILITY
--------------------------------------------------------

  CREATE TABLE "SYSTEM"."AS_MERCHANT_LIABILITY" 
   (	"MERCHANT_LIABILITY_ID" NUMBER, 
	"MERCHANT_ID" NUMBER, 
	"LIABILITY_OUTSTANDING" NUMBER, 
	"LIABILITY_TYPE" VARCHAR2(20 BYTE), 
	"LOAN_DATE" DATE, 
	"VALID_FROM" DATE, 
	"VALID_TO" DATE
   ) PCTFREE 10 PCTUSED 40 INITRANS 1 MAXTRANS 255 NOCOMPRESS LOGGING
  STORAGE(INITIAL 65536 NEXT 1048576 MINEXTENTS 1 MAXEXTENTS 2147483645
  PCTINCREASE 0 FREELISTS 1 FREELIST GROUPS 1 BUFFER_POOL DEFAULT FLASH_CACHE DEFAULT CELL_FLASH_CACHE DEFAULT)
  TABLESPACE "SYSTEM" ;
--------------------------------------------------------
--  DDL for Table AS_RISK_ENGINE
--------------------------------------------------------

  CREATE TABLE "SYSTEM"."AS_RISK_ENGINE" 
   (	"MERCHANT_RISK_ID" NUMBER, 
	"CREDIT_WEIGHTAGE" NUMBER, 
	"MIN_CREDIT_FACTOR" NUMBER, 
	"MAX_CREDIT_FACTOR" NUMBER, 
	"MIN_LOAN_RATE" NUMBER, 
	"MAX_LOAN_RATE" NUMBER, 
	"LIGITATION_FACTOR" NUMBER, 
	"MIN_LIGITATION_FACTOR" NUMBER, 
	"MAX_LIGITATION_FACTOR" NUMBER, 
	"TOTAL_RISK_WEIGHTAGE" NUMBER, 
	"TOTAL_LOAN_WEIGHTAGE" NUMBER, 
	"VALID_FROM" DATE, 
	"VALID_TO" DATE
   ) PCTFREE 10 PCTUSED 40 INITRANS 1 MAXTRANS 255 NOCOMPRESS LOGGING
  STORAGE(INITIAL 65536 NEXT 1048576 MINEXTENTS 1 MAXEXTENTS 2147483645
  PCTINCREASE 0 FREELISTS 1 FREELIST GROUPS 1 BUFFER_POOL DEFAULT FLASH_CACHE DEFAULT CELL_FLASH_CACHE DEFAULT)
  TABLESPACE "SYSTEM" ;
--------------------------------------------------------
--  DDL for Table AS_RISK_MANAGEMENT
--------------------------------------------------------

  CREATE TABLE "SYSTEM"."AS_RISK_MANAGEMENT" 
   (	"MERCHANT_RISK_DETAIL_ID" NUMBER, 
	"CREDIT_SCORE" NUMBER, 
	"KYC_SCORE" NUMBER, 
	"MIN_SUGGESTED_ENTITLEMENT" NUMBER, 
	"MAX_SUGGESTED_ENTITLEMENT" NUMBER, 
	"LIGITATION_INDEX_SCORE" NUMBER, 
	"COMPANY_REG_NO" NUMBER, 
	"FINANCE_INDICATOR_ID" VARCHAR2(20 BYTE), 
	"CREDIT_APP_HISTORY" VARCHAR2(20 BYTE), 
	"CCRIS" VARCHAR2(20 BYTE), 
	"BOUNDED_CHECK" VARCHAR2(20 BYTE), 
	"SSM" VARCHAR2(20 BYTE), 
	"BOARD_OF_DIRECTOR" VARCHAR2(200 BYTE), 
	"SHAREHOLDERS" VARCHAR2(200 BYTE), 
	"FINANCIAL_ANNUM_REPORT" VARCHAR2(20 BYTE), 
	"BUSINESS" VARCHAR2(20 BYTE), 
	"OFFICE_ADDRESS" VARCHAR2(30 BYTE), 
	"LGL" VARCHAR2(20 BYTE), 
	"PENDING_CASES" VARCHAR2(200 BYTE), 
	"CASES_HISTORY" VARCHAR2(200 BYTE), 
	"AMLA" VARCHAR2(20 BYTE), 
	"TR" VARCHAR2(200 BYTE), 
	"INVOICE_PAYMENT_PERFORMANCE" NUMBER, 
	"MERCHANT_ID" NUMBER, 
	"CREDIT_AGENT_ID" NUMBER, 
	"MERCHANT_RISK_ID" NUMBER
   ) PCTFREE 10 PCTUSED 40 INITRANS 1 MAXTRANS 255 NOCOMPRESS LOGGING
  STORAGE(INITIAL 65536 NEXT 1048576 MINEXTENTS 1 MAXEXTENTS 2147483645
  PCTINCREASE 0 FREELISTS 1 FREELIST GROUPS 1 BUFFER_POOL DEFAULT FLASH_CACHE DEFAULT CELL_FLASH_CACHE DEFAULT)
  TABLESPACE "SYSTEM" ;
--------------------------------------------------------
--  DDL for Table AS_TRANSACTION
--------------------------------------------------------

  CREATE TABLE "SYSTEM"."AS_TRANSACTION" 
   (	"TRANSACTION_ID" NUMBER, 
	"TRANS_DATE" DATE, 
	"TRANS_TYPE" VARCHAR2(20 BYTE), 
	"AMMOUNT" NUMBER, 
	"BUSINESS_ID" NUMBER, 
	"ACCOUNT_ID" NUMBER
   ) PCTFREE 10 PCTUSED 40 INITRANS 1 MAXTRANS 255 NOCOMPRESS LOGGING
  STORAGE(INITIAL 65536 NEXT 1048576 MINEXTENTS 1 MAXEXTENTS 2147483645
  PCTINCREASE 0 FREELISTS 1 FREELIST GROUPS 1 BUFFER_POOL DEFAULT FLASH_CACHE DEFAULT CELL_FLASH_CACHE DEFAULT)
  TABLESPACE "SYSTEM" ;
REM INSERTING into SYSTEM.AS_ACCOUNT
SET DEFINE OFF;
Insert into SYSTEM.AS_ACCOUNT (ACCOUNT_ID,ACCOUNT_NAME,DISTRICT_ID,DATE_CREATED,CUSTOMER_ID,MERCHANT_ID,ACCOUNT_PASSWORD) values (9,'A',1,to_date('28/12/2022','DD/MM/RRRR'),null,9,'ca978112ca1bbdcafac231b39a23dc4da786eff8147c4e72b9807785afee48bb');
Insert into SYSTEM.AS_ACCOUNT (ACCOUNT_ID,ACCOUNT_NAME,DISTRICT_ID,DATE_CREATED,CUSTOMER_ID,MERCHANT_ID,ACCOUNT_PASSWORD) values (10,'B',1,to_date('28/12/2022','DD/MM/RRRR'),null,10,'3e23e8160039594a33894f6564e1b1348bbd7a0088d42c4acb73eeaed59c009d');
Insert into SYSTEM.AS_ACCOUNT (ACCOUNT_ID,ACCOUNT_NAME,DISTRICT_ID,DATE_CREATED,CUSTOMER_ID,MERCHANT_ID,ACCOUNT_PASSWORD) values (11,'C',1,to_date('28/12/2022','DD/MM/RRRR'),null,11,'2e7d2c03a9507ae265ecf5b5356885a53393a2029d241394997265a1a25aefc6');
Insert into SYSTEM.AS_ACCOUNT (ACCOUNT_ID,ACCOUNT_NAME,DISTRICT_ID,DATE_CREATED,CUSTOMER_ID,MERCHANT_ID,ACCOUNT_PASSWORD) values (12,'D',2,to_date('28/12/2022','DD/MM/RRRR'),null,12,'18ac3e7343f016890c510e93f935261169d9e3f565436429830faf0934f4f8e4');
Insert into SYSTEM.AS_ACCOUNT (ACCOUNT_ID,ACCOUNT_NAME,DISTRICT_ID,DATE_CREATED,CUSTOMER_ID,MERCHANT_ID,ACCOUNT_PASSWORD) values (13,'E',2,to_date('28/12/2022','DD/MM/RRRR'),null,13,'3f79bb7b435b05321651daefd374cdc681dc06faa65e374e38337b88ca046dea');
Insert into SYSTEM.AS_ACCOUNT (ACCOUNT_ID,ACCOUNT_NAME,DISTRICT_ID,DATE_CREATED,CUSTOMER_ID,MERCHANT_ID,ACCOUNT_PASSWORD) values (14,'F',2,to_date('28/12/2022','DD/MM/RRRR'),null,14,'252f10c83610ebca1a059c0bae8255eba2f95be4d1d7bcfa89d7248a82d9f111');
Insert into SYSTEM.AS_ACCOUNT (ACCOUNT_ID,ACCOUNT_NAME,DISTRICT_ID,DATE_CREATED,CUSTOMER_ID,MERCHANT_ID,ACCOUNT_PASSWORD) values (15,'G',3,to_date('28/12/2022','DD/MM/RRRR'),null,15,'cd0aa9856147b6c5b4ff2b7dfee5da20aa38253099ef1b4a64aced233c9afe29');
Insert into SYSTEM.AS_ACCOUNT (ACCOUNT_ID,ACCOUNT_NAME,DISTRICT_ID,DATE_CREATED,CUSTOMER_ID,MERCHANT_ID,ACCOUNT_PASSWORD) values (16,'H',3,to_date('28/12/2022','DD/MM/RRRR'),null,16,'aaa9402664f1a41f40ebbc52c9993eb66aeb366602958fdfaa283b71e64db123');
Insert into SYSTEM.AS_ACCOUNT (ACCOUNT_ID,ACCOUNT_NAME,DISTRICT_ID,DATE_CREATED,CUSTOMER_ID,MERCHANT_ID,ACCOUNT_PASSWORD) values (1,'James_David',81000,to_date('04/06/2020','DD/MM/RRRR'),null,1,'de7d1b721a1e0632b7cf04edf5032c8ecffa9f9a08492152b926f1a5a7e765d7');
Insert into SYSTEM.AS_ACCOUNT (ACCOUNT_ID,ACCOUNT_NAME,DISTRICT_ID,DATE_CREATED,CUSTOMER_ID,MERCHANT_ID,ACCOUNT_PASSWORD) values (2,'Robert_William',70100,to_date('09/06/2021','DD/MM/RRRR'),null,2,'189f40034be7a199f1fa9891668ee3ab6049f82d38c68be70f596eab2e1857b7');
Insert into SYSTEM.AS_ACCOUNT (ACCOUNT_ID,ACCOUNT_NAME,DISTRICT_ID,DATE_CREATED,CUSTOMER_ID,MERCHANT_ID,ACCOUNT_PASSWORD) values (3,'John_Richard',6101,to_date('19/08/2021','DD/MM/RRRR'),null,3,'8254c329a92850f6d539dd376f4816ee2764517da5e0235514af433164480d7a');
Insert into SYSTEM.AS_ACCOUNT (ACCOUNT_ID,ACCOUNT_NAME,DISTRICT_ID,DATE_CREATED,CUSTOMER_ID,MERCHANT_ID,ACCOUNT_PASSWORD) values (4,'Michael_Joseph',17610,to_date('06/12/2022','DD/MM/RRRR'),null,4,'acac86c0e609ca906f632b0e2dacccb2b77d22b0621f20ebece1a4835b93f6f0');
Insert into SYSTEM.AS_ACCOUNT (ACCOUNT_ID,ACCOUNT_NAME,DISTRICT_ID,DATE_CREATED,CUSTOMER_ID,MERCHANT_ID,ACCOUNT_PASSWORD) values (5,'Mary_Elizabeth',75450,to_date('03/12/2020','DD/MM/RRRR'),null,5,'62c66a7a5dd70c3146618063c344e531e6d4b59e379808443ce962b3abd63c5a');
Insert into SYSTEM.AS_ACCOUNT (ACCOUNT_ID,ACCOUNT_NAME,DISTRICT_ID,DATE_CREATED,CUSTOMER_ID,MERCHANT_ID,ACCOUNT_PASSWORD) values (6,'Patricia_Barbara',11100,to_date('04/09/2016','DD/MM/RRRR'),null,6,'1b16b1df538ba12dc3f97edbb85caa7050d46c148134290feba80f8236c83db9');
Insert into SYSTEM.AS_ACCOUNT (ACCOUNT_ID,ACCOUNT_NAME,DISTRICT_ID,DATE_CREATED,CUSTOMER_ID,MERCHANT_ID,ACCOUNT_PASSWORD) values (7,'Jennifer_Susan',88858,to_date('09/07/2017','DD/MM/RRRR'),null,7,'65c74c15a686187bb6bbf9958f494fc6b80068034a659a9ad44991b08c58f2d2');
Insert into SYSTEM.AS_ACCOUNT (ACCOUNT_ID,ACCOUNT_NAME,DISTRICT_ID,DATE_CREATED,CUSTOMER_ID,MERCHANT_ID,ACCOUNT_PASSWORD) values (8,'Linda_Jessica',43200,to_date('16/10/2022','DD/MM/RRRR'),null,8,'148de9c5a7a44d19e56cd9ae1a554bf67847afb0c58f6e12fa29ac7ddfca9940');
REM INSERTING into SYSTEM.AS_BUSINESS_PRODUCT_OWNER
SET DEFINE OFF;
Insert into SYSTEM.AS_BUSINESS_PRODUCT_OWNER (BUSINESS_ID,BUSINESS_NAME,BUSINESS_TYPE,CONTACT_EMAIL,CURRENT_ADDRESS,OFFICE_ADDRESS,CONTACT_NUMBER) values (1,'Silver Enterprise','Delivery Courier','silver@gmail.com','5, Jalan Dato Yusof Shahbudin 26, Taman Sentosa','5, Jalan Kuala Lumpur, Taman Cahaya','+60106630805');
Insert into SYSTEM.AS_BUSINESS_PRODUCT_OWNER (BUSINESS_ID,BUSINESS_NAME,BUSINESS_TYPE,CONTACT_EMAIL,CURRENT_ADDRESS,OFFICE_ADDRESS,CONTACT_NUMBER) values (2,'Ducky Duckling','Property','dd@gmail.com','7, Jalan Nagasari 29, Taman Bandaraya','9, Jalan Tun Tan Chen Lock, Kuala Lumpur','+60189634589');
Insert into SYSTEM.AS_BUSINESS_PRODUCT_OWNER (BUSINESS_ID,BUSINESS_NAME,BUSINESS_TYPE,CONTACT_EMAIL,CURRENT_ADDRESS,OFFICE_ADDRESS,CONTACT_NUMBER) values (3,'Askin Sdn Bhd','Stock Trading','askin@gmail.com','77, Jalan University, Taman Bukit Cinta','77, Jalan University, Taman Bukit Cinta','+60178927340');
Insert into SYSTEM.AS_BUSINESS_PRODUCT_OWNER (BUSINESS_ID,BUSINESS_NAME,BUSINESS_TYPE,CONTACT_EMAIL,CURRENT_ADDRESS,OFFICE_ADDRESS,CONTACT_NUMBER) values (4,'Jared Telco','Telecommunication','jaredtelco@gmail.com','90, Jalan Tunku Abdul Rahman, Taman Merdeka','90, Jalan Tunku Abdul Rahman, Taman Merdeka','+60198274212');
Insert into SYSTEM.AS_BUSINESS_PRODUCT_OWNER (BUSINESS_ID,BUSINESS_NAME,BUSINESS_TYPE,CONTACT_EMAIL,CURRENT_ADDRESS,OFFICE_ADDRESS,CONTACT_NUMBER) values (5,'Yilin Beauty','Beautician Academy','yilinbea@gmail.com','Menara Yilin City Centre Off Jalan Ampang','Menara Yilin City Centre Off Jalan Ampang','+6-135678946');
Insert into SYSTEM.AS_BUSINESS_PRODUCT_OWNER (BUSINESS_ID,BUSINESS_NAME,BUSINESS_TYPE,CONTACT_EMAIL,CURRENT_ADDRESS,OFFICE_ADDRESS,CONTACT_NUMBER) values (6,'Peter Technology','Electronics and Tech','petertech@gmail.com','19th Floor, Plaza Peter No. 8, First Avenue','19th Floor, Plaza Peter No. 8, First Avenue','+60139982736');
Insert into SYSTEM.AS_BUSINESS_PRODUCT_OWNER (BUSINESS_ID,BUSINESS_NAME,BUSINESS_TYPE,CONTACT_EMAIL,CURRENT_ADDRESS,OFFICE_ADDRESS,CONTACT_NUMBER) values (7,'Xenber Sdn Bhd','Software Development','xenber@gmail.com','Pusat Perdagangan Phileo Damansara Petaling Jaya','Pusat Perdagangan Phileo Damansara Petaling Jaya','+60127895546');
Insert into SYSTEM.AS_BUSINESS_PRODUCT_OWNER (BUSINESS_ID,BUSINESS_NAME,BUSINESS_TYPE,CONTACT_EMAIL,CURRENT_ADDRESS,OFFICE_ADDRESS,CONTACT_NUMBER) values (8,'Apple Enterprise','Agriculture','apple@gmail.com','Lot 1017, Ulu Yam Baru, 44300, Batang Kali','Lot 1017, Ulu Yam Baru, 44300, Batang Kali','+601123498735');
REM INSERTING into SYSTEM.AS_CAPITAL_ENGINE
SET DEFINE OFF;
Insert into SYSTEM.AS_CAPITAL_ENGINE (CE_ID,TITLE,DESCRIPTION,MIN_ROI_RATE,THRESHOLD_AMOUNT,PRIORITY) values (1,'Break Even','When the cashflow of company is negative',0,0,'High');
Insert into SYSTEM.AS_CAPITAL_ENGINE (CE_ID,TITLE,DESCRIPTION,MIN_ROI_RATE,THRESHOLD_AMOUNT,PRIORITY) values (2,'50% Profit','Engine for startup phase',50,10000,'High');
Insert into SYSTEM.AS_CAPITAL_ENGINE (CE_ID,TITLE,DESCRIPTION,MIN_ROI_RATE,THRESHOLD_AMOUNT,PRIORITY) values (3,'100% Profit','Engine for normal stable business',100,20000,'Medium');
Insert into SYSTEM.AS_CAPITAL_ENGINE (CE_ID,TITLE,DESCRIPTION,MIN_ROI_RATE,THRESHOLD_AMOUNT,PRIORITY) values (4,'200% Profit','Engine for drastic growth',200,30000,'Medium');
Insert into SYSTEM.AS_CAPITAL_ENGINE (CE_ID,TITLE,DESCRIPTION,MIN_ROI_RATE,THRESHOLD_AMOUNT,PRIORITY) values (5,'300% Profit','Engine for 300% ambition',300,40000,'Low');
Insert into SYSTEM.AS_CAPITAL_ENGINE (CE_ID,TITLE,DESCRIPTION,MIN_ROI_RATE,THRESHOLD_AMOUNT,PRIORITY) values (6,'400% Profit','Engine with 400% ROI',400,50000,'Low');
Insert into SYSTEM.AS_CAPITAL_ENGINE (CE_ID,TITLE,DESCRIPTION,MIN_ROI_RATE,THRESHOLD_AMOUNT,PRIORITY) values (7,'500% Profit','Engine for super trending business that attracts high revenue',500,60000,'Low');
Insert into SYSTEM.AS_CAPITAL_ENGINE (CE_ID,TITLE,DESCRIPTION,MIN_ROI_RATE,THRESHOLD_AMOUNT,PRIORITY) values (8,'Apple Customized','Customized for APPLE company',150,7500,'Medium');
REM INSERTING into SYSTEM.AS_CAPITAL_MANAGEMENT
SET DEFINE OFF;
Insert into SYSTEM.AS_CAPITAL_MANAGEMENT (CM_ID,SOURCE,CAPITAL_AMOUNT,ROI,CE_ID,BUSINESS_ID) values (1,'Enterprise Sales',35000,30000,3,1);
Insert into SYSTEM.AS_CAPITAL_MANAGEMENT (CM_ID,SOURCE,CAPITAL_AMOUNT,ROI,CE_ID,BUSINESS_ID) values (2,'Property Sales',21000,20000,2,2);
Insert into SYSTEM.AS_CAPITAL_MANAGEMENT (CM_ID,SOURCE,CAPITAL_AMOUNT,ROI,CE_ID,BUSINESS_ID) values (3,'Stock Sales',100000,80000,7,3);
Insert into SYSTEM.AS_CAPITAL_MANAGEMENT (CM_ID,SOURCE,CAPITAL_AMOUNT,ROI,CE_ID,BUSINESS_ID) values (4,'Enterprise Sales',53000,30000,6,4);
Insert into SYSTEM.AS_CAPITAL_MANAGEMENT (CM_ID,SOURCE,CAPITAL_AMOUNT,ROI,CE_ID,BUSINESS_ID) values (5,'Service Sales',3000,-5000,1,5);
Insert into SYSTEM.AS_CAPITAL_MANAGEMENT (CM_ID,SOURCE,CAPITAL_AMOUNT,ROI,CE_ID,BUSINESS_ID) values (6,'Enterprise Sales',17000,5000,2,6);
Insert into SYSTEM.AS_CAPITAL_MANAGEMENT (CM_ID,SOURCE,CAPITAL_AMOUNT,ROI,CE_ID,BUSINESS_ID) values (7,'Enterprise Sales',28000,12000,3,7);
Insert into SYSTEM.AS_CAPITAL_MANAGEMENT (CM_ID,SOURCE,CAPITAL_AMOUNT,ROI,CE_ID,BUSINESS_ID) values (8,'Enterprise Sales',200000,190000,7,8);
REM INSERTING into SYSTEM.AS_CREDIT_RISK_PROVIDER
SET DEFINE OFF;
Insert into SYSTEM.AS_CREDIT_RISK_PROVIDER (CREDIT_AGENT_ID,AGENT_NAME) values (1,'Putri');
Insert into SYSTEM.AS_CREDIT_RISK_PROVIDER (CREDIT_AGENT_ID,AGENT_NAME) values (2,'Jonathan');
Insert into SYSTEM.AS_CREDIT_RISK_PROVIDER (CREDIT_AGENT_ID,AGENT_NAME) values (3,'Jenny');
Insert into SYSTEM.AS_CREDIT_RISK_PROVIDER (CREDIT_AGENT_ID,AGENT_NAME) values (4,'Ahmad');
Insert into SYSTEM.AS_CREDIT_RISK_PROVIDER (CREDIT_AGENT_ID,AGENT_NAME) values (5,'Jennifer');
Insert into SYSTEM.AS_CREDIT_RISK_PROVIDER (CREDIT_AGENT_ID,AGENT_NAME) values (6,'Jai');
Insert into SYSTEM.AS_CREDIT_RISK_PROVIDER (CREDIT_AGENT_ID,AGENT_NAME) values (7,'Ken');
Insert into SYSTEM.AS_CREDIT_RISK_PROVIDER (CREDIT_AGENT_ID,AGENT_NAME) values (8,'Vincent');
REM INSERTING into SYSTEM.AS_CUSTOMER
SET DEFINE OFF;
Insert into SYSTEM.AS_CUSTOMER (CUSTOMER_ID,CUSTOMER_FIRST_NAME,CUSTOMER_LAST_NAME,CUSTOMER_CONTACT_NUM,CUSTOMER_EMAIL,CUST_CURR_ADD,CUST_HOME_ADD,CUST_DOB,CUST_EMPLOYMENT_ID) values (3,'John','Richard','+60345678912','John@gmail.com','9,Jalan Happy,Taman Senyum,06101 Changloon,Kedah','9,Jalan Happy,Taman Senyum,06101 Changloon,Kedah','09/06/1989','J963');
Insert into SYSTEM.AS_CUSTOMER (CUSTOMER_ID,CUSTOMER_FIRST_NAME,CUSTOMER_LAST_NAME,CUSTOMER_CONTACT_NUM,CUSTOMER_EMAIL,CUST_CURR_ADD,CUST_HOME_ADD,CUST_DOB,CUST_EMPLOYMENT_ID) values (4,'Michael','Joseph','+60456789123','Michael@gmail.com','8,Jalan Jolus,Taman Julia,17610 Kuala Balah,Kelantan','8,Jalan Jolus,Taman Julia,17610 Kuala Balah,Kelantan','07/05/1984','Y753');
Insert into SYSTEM.AS_CUSTOMER (CUSTOMER_ID,CUSTOMER_FIRST_NAME,CUSTOMER_LAST_NAME,CUSTOMER_CONTACT_NUM,CUSTOMER_EMAIL,CUST_CURR_ADD,CUST_HOME_ADD,CUST_DOB,CUST_EMPLOYMENT_ID) values (5,'Mary','Elizabeth','+60567891234','Mary@gmail.com','3597, Jalan Pertama, Taman Yang 75450 Ayer Keroh, Melaka','3597, Jalan Pertama, Taman Yang 75450 Ayer Keroh, Melaka','06/07/1959','R957');
Insert into SYSTEM.AS_CUSTOMER (CUSTOMER_ID,CUSTOMER_FIRST_NAME,CUSTOMER_LAST_NAME,CUSTOMER_CONTACT_NUM,CUSTOMER_EMAIL,CUST_CURR_ADD,CUST_HOME_ADD,CUST_DOB,CUST_EMPLOYMENT_ID) values (6,'Patricia','Barbara','+60678912345','Patricia@gmail.com','6491, Jalan Merlis, Taman Solisa, 11100 Batu Feringgi ,Pulau Pinang','6491, Jalan Merlis, Taman Solisa, 11100 Batu Feringgi ,Pulau Pinang','18/04/1985','T527');
Insert into SYSTEM.AS_CUSTOMER (CUSTOMER_ID,CUSTOMER_FIRST_NAME,CUSTOMER_LAST_NAME,CUSTOMER_CONTACT_NUM,CUSTOMER_EMAIL,CUST_CURR_ADD,CUST_HOME_ADD,CUST_DOB,CUST_EMPLOYMENT_ID) values (7,'Jennifer','Susan','+60789123456','Jennifer@gmail.com','456, Jalan Tanjung, Taman Qarau, 88858 Tanjung Aru, Sabah','456, Jalan Tanjung, Taman Qarau, 88858 Tanjung Aru, Sabah','03/08/1977','K258');
Insert into SYSTEM.AS_CUSTOMER (CUSTOMER_ID,CUSTOMER_FIRST_NAME,CUSTOMER_LAST_NAME,CUSTOMER_CONTACT_NUM,CUSTOMER_EMAIL,CUST_CURR_ADD,CUST_HOME_ADD,CUST_DOB,CUST_EMPLOYMENT_ID) values (8,'Linda','Jessica','+60891234567','Linda@gmail.com','0617, Jalan Bahagia, Taman Bahagia, 43200 Cheras, Selangor','0617, Jalan Bahagia, Taman Bahagia, 43200 Cheras, Selangor','16/07/1992','B7469');
REM INSERTING into SYSTEM.AS_DISTRICT
SET DEFINE OFF;
Insert into SYSTEM.AS_DISTRICT (DISTRICT_ID,REGION,CITY,RATIO_URBAN,AVG_SALARY) values (6101,'Changloon','Taman Senyum',2131427,3468);
Insert into SYSTEM.AS_DISTRICT (DISTRICT_ID,REGION,CITY,RATIO_URBAN,AVG_SALARY) values (17610,'Kuala Balah','Taman Julia',1792501,5612);
Insert into SYSTEM.AS_DISTRICT (DISTRICT_ID,REGION,CITY,RATIO_URBAN,AVG_SALARY) values (1,'Kuala Lumpur','Kuala Lumpur',3,5000);
Insert into SYSTEM.AS_DISTRICT (DISTRICT_ID,REGION,CITY,RATIO_URBAN,AVG_SALARY) values (11100,'Batu Feringgi','Taman Solisa',1740405,4326);
Insert into SYSTEM.AS_DISTRICT (DISTRICT_ID,REGION,CITY,RATIO_URBAN,AVG_SALARY) values (2,'Kota Raja','Taman Sentosa',2,3000);
Insert into SYSTEM.AS_DISTRICT (DISTRICT_ID,REGION,CITY,RATIO_URBAN,AVG_SALARY) values (3,'Kajang','Avenue City',4,4500);
Insert into SYSTEM.AS_DISTRICT (DISTRICT_ID,REGION,CITY,RATIO_URBAN,AVG_SALARY) values (88858,'Tanjung Aru','Taman Qarau',3418785,3468);
Insert into SYSTEM.AS_DISTRICT (DISTRICT_ID,REGION,CITY,RATIO_URBAN,AVG_SALARY) values (81000,'Kulai','Taman ABC',4009670,4564);
Insert into SYSTEM.AS_DISTRICT (DISTRICT_ID,REGION,CITY,RATIO_URBAN,AVG_SALARY) values (75450,'Ayer Keroh','Taman Yang',998428,3926);
Insert into SYSTEM.AS_DISTRICT (DISTRICT_ID,REGION,CITY,RATIO_URBAN,AVG_SALARY) values (43200,'Cheras','Taman Bahagia',6994423,6102);
Insert into SYSTEM.AS_DISTRICT (DISTRICT_ID,REGION,CITY,RATIO_URBAN,AVG_SALARY) values (70100,'Seremban','Taman SEA',1199974,3255);
REM INSERTING into SYSTEM.AS_DOCUMENT
SET DEFINE OFF;
Insert into SYSTEM.AS_DOCUMENT (DOCUMENT_CONF_ID,CONF_TITLE,CONF_DESC,MANDATORY_FLAG) values (1,'Doc Security Level 1','Document Bat A-G','YES');
Insert into SYSTEM.AS_DOCUMENT (DOCUMENT_CONF_ID,CONF_TITLE,CONF_DESC,MANDATORY_FLAG) values (2,'Doc Security Level 2','Document Bat A-G, Non-disclosure contract','YES');
Insert into SYSTEM.AS_DOCUMENT (DOCUMENT_CONF_ID,CONF_TITLE,CONF_DESC,MANDATORY_FLAG) values (3,'Doc Security Level 3','Document Bat A-G, Non-disclosure contract, Confidentiality contract','YES');
Insert into SYSTEM.AS_DOCUMENT (DOCUMENT_CONF_ID,CONF_TITLE,CONF_DESC,MANDATORY_FLAG) values (4,'Doc Security Level 4','Document Bat A-G, Non-disclosure contract, Confidentiality contract, Contract A','YES');
Insert into SYSTEM.AS_DOCUMENT (DOCUMENT_CONF_ID,CONF_TITLE,CONF_DESC,MANDATORY_FLAG) values (5,'Doc Security Level 5','Document Bat A-G, Non-disclosure contract, Confidentiality contract, Contract A, Death Contract','YES');
REM INSERTING into SYSTEM.AS_EMPLOYMENT_DETAIL
SET DEFINE OFF;
Insert into SYSTEM.AS_EMPLOYMENT_DETAIL (CUST_EMPLOYMENT_ID,POSTING_DATE,EMPLOYMENT_TYPE,PROFESSION_TYPE,EXP_IN_PROFESSION_YEAR,TENURE_WITH_CURR_EMPLOYER,EMPLOYMENT_DESC) values ('J963','09/03/2021','Part-time contracts','mechanics','10','5','Auto Mechanics');
Insert into SYSTEM.AS_EMPLOYMENT_DETAIL (CUST_EMPLOYMENT_ID,POSTING_DATE,EMPLOYMENT_TYPE,PROFESSION_TYPE,EXP_IN_PROFESSION_YEAR,TENURE_WITH_CURR_EMPLOYER,EMPLOYMENT_DESC) values ('Y753','09/09/2022','Full-time contracts','accountants','13','5','Corporate accounting');
Insert into SYSTEM.AS_EMPLOYMENT_DETAIL (CUST_EMPLOYMENT_ID,POSTING_DATE,EMPLOYMENT_TYPE,PROFESSION_TYPE,EXP_IN_PROFESSION_YEAR,TENURE_WITH_CURR_EMPLOYER,EMPLOYMENT_DESC) values ('R957','04/07/2020','Part-time contracts','mechanics','36','5','Auto Mechanics');
Insert into SYSTEM.AS_EMPLOYMENT_DETAIL (CUST_EMPLOYMENT_ID,POSTING_DATE,EMPLOYMENT_TYPE,PROFESSION_TYPE,EXP_IN_PROFESSION_YEAR,TENURE_WITH_CURR_EMPLOYER,EMPLOYMENT_DESC) values ('T527','09/05/2016','Full-time contracts','engineers','12','5','Software engineer');
Insert into SYSTEM.AS_EMPLOYMENT_DETAIL (CUST_EMPLOYMENT_ID,POSTING_DATE,EMPLOYMENT_TYPE,PROFESSION_TYPE,EXP_IN_PROFESSION_YEAR,TENURE_WITH_CURR_EMPLOYER,EMPLOYMENT_DESC) values ('K258','04/06/2017','Full-time contracts','accountants','14','5','Corporate accounting');
Insert into SYSTEM.AS_EMPLOYMENT_DETAIL (CUST_EMPLOYMENT_ID,POSTING_DATE,EMPLOYMENT_TYPE,PROFESSION_TYPE,EXP_IN_PROFESSION_YEAR,TENURE_WITH_CURR_EMPLOYER,EMPLOYMENT_DESC) values ('B7469','01/05/2022','Full-time contracts','engineers','6','5','Software engineer');
REM INSERTING into SYSTEM.AS_FINANCING_ENGINE
SET DEFINE OFF;
Insert into SYSTEM.AS_FINANCING_ENGINE (FE_ID,FE_TITLE,DESCRIPTION,AWS_RAMGE,LOAN_RANGE,MIN_LRP) values (1,'Package A','Startup with little sales','5000-9999','0-999',20);
Insert into SYSTEM.AS_FINANCING_ENGINE (FE_ID,FE_TITLE,DESCRIPTION,AWS_RAMGE,LOAN_RANGE,MIN_LRP) values (2,'Package B','Startup with much sales','10000-49999','1000-9999',20);
Insert into SYSTEM.AS_FINANCING_ENGINE (FE_ID,FE_TITLE,DESCRIPTION,AWS_RAMGE,LOAN_RANGE,MIN_LRP) values (3,'Package C','Normal running business','50000-74999','10000-14999',30);
Insert into SYSTEM.AS_FINANCING_ENGINE (FE_ID,FE_TITLE,DESCRIPTION,AWS_RAMGE,LOAN_RANGE,MIN_LRP) values (4,'Package D','Normal running business with high sales','75000-99999','15000-19999',40);
Insert into SYSTEM.AS_FINANCING_ENGINE (FE_ID,FE_TITLE,DESCRIPTION,AWS_RAMGE,LOAN_RANGE,MIN_LRP) values (5,'Package E','Big Business','100000-249999','20000-49999',40);
Insert into SYSTEM.AS_FINANCING_ENGINE (FE_ID,FE_TITLE,DESCRIPTION,AWS_RAMGE,LOAN_RANGE,MIN_LRP) values (6,'Package F','Very Big Business','250000-399999','50000-79999',50);
Insert into SYSTEM.AS_FINANCING_ENGINE (FE_ID,FE_TITLE,DESCRIPTION,AWS_RAMGE,LOAN_RANGE,MIN_LRP) values (7,'Package G','Large Business','400000-499999','80000-99999',50);
Insert into SYSTEM.AS_FINANCING_ENGINE (FE_ID,FE_TITLE,DESCRIPTION,AWS_RAMGE,LOAN_RANGE,MIN_LRP) values (8,'Package H','Giant','500000>','100000>',100);
REM INSERTING into SYSTEM.AS_INVESTMENT
SET DEFINE OFF;
Insert into SYSTEM.AS_INVESTMENT (BUSINESS_ID,INVESTOR_ID,INVESTMENT_DATE,INVESTED_AMOUNT) values (1,1,to_date('25/12/2022','DD/MM/RRRR'),700000);
Insert into SYSTEM.AS_INVESTMENT (BUSINESS_ID,INVESTOR_ID,INVESTMENT_DATE,INVESTED_AMOUNT) values (2,1,to_date('25/12/2022','DD/MM/RRRR'),10000);
Insert into SYSTEM.AS_INVESTMENT (BUSINESS_ID,INVESTOR_ID,INVESTMENT_DATE,INVESTED_AMOUNT) values (1,3,to_date('20/12/2020','DD/MM/RRRR'),100000);
Insert into SYSTEM.AS_INVESTMENT (BUSINESS_ID,INVESTOR_ID,INVESTMENT_DATE,INVESTED_AMOUNT) values (2,2,to_date('09/08/2022','DD/MM/RRRR'),120000);
Insert into SYSTEM.AS_INVESTMENT (BUSINESS_ID,INVESTOR_ID,INVESTMENT_DATE,INVESTED_AMOUNT) values (3,1,to_date('09/01/2022','DD/MM/RRRR'),13000);
Insert into SYSTEM.AS_INVESTMENT (BUSINESS_ID,INVESTOR_ID,INVESTMENT_DATE,INVESTED_AMOUNT) values (4,1,to_date('09/04/2021','DD/MM/RRRR'),500000);
Insert into SYSTEM.AS_INVESTMENT (BUSINESS_ID,INVESTOR_ID,INVESTMENT_DATE,INVESTED_AMOUNT) values (4,2,to_date('09/03/2022','DD/MM/RRRR'),40000);
Insert into SYSTEM.AS_INVESTMENT (BUSINESS_ID,INVESTOR_ID,INVESTMENT_DATE,INVESTED_AMOUNT) values (5,6,to_date('04/02/2022','DD/MM/RRRR'),500000);
REM INSERTING into SYSTEM.AS_INVESTOR
SET DEFINE OFF;
Insert into SYSTEM.AS_INVESTOR (INVESTOR_ID,FIRST_NAME,LAST_NAME,INVESTOR_CONTACT_NUMBER,INVESTOR_EMAIL) values (1,'Wei Xin','Lim','+60182998680','weixin@gmail.com');
Insert into SYSTEM.AS_INVESTOR (INVESTOR_ID,FIRST_NAME,LAST_NAME,INVESTOR_CONTACT_NUMBER,INVESTOR_EMAIL) values (2,'Swee Nien','Kuck','+60138891102','kucknien@gmail.com');
Insert into SYSTEM.AS_INVESTOR (INVESTOR_ID,FIRST_NAME,LAST_NAME,INVESTOR_CONTACT_NUMBER,INVESTOR_EMAIL) values (3,'muhyuddin Ahsan','bin Sultan Askin','+60123860102','ahsan@gmail.com');
Insert into SYSTEM.AS_INVESTOR (INVESTOR_ID,FIRST_NAME,LAST_NAME,INVESTOR_CONTACT_NUMBER,INVESTOR_EMAIL) values (4,'Jared Avinesh','Thomas','+60125659276','jared@gmail.com');
Insert into SYSTEM.AS_INVESTOR (INVESTOR_ID,FIRST_NAME,LAST_NAME,INVESTOR_CONTACT_NUMBER,INVESTOR_EMAIL) values (5,'Yilin','Loo','+601116343519','yilin@gmail.com');
Insert into SYSTEM.AS_INVESTOR (INVESTOR_ID,FIRST_NAME,LAST_NAME,INVESTOR_CONTACT_NUMBER,INVESTOR_EMAIL) values (6,'Peter Wei Chun','Siow','+601115337500','peter@gmail.com');
Insert into SYSTEM.AS_INVESTOR (INVESTOR_ID,FIRST_NAME,LAST_NAME,INVESTOR_CONTACT_NUMBER,INVESTOR_EMAIL) values (7,'Neale','Low','+60192506378','neale@gmail.com');
Insert into SYSTEM.AS_INVESTOR (INVESTOR_ID,FIRST_NAME,LAST_NAME,INVESTOR_CONTACT_NUMBER,INVESTOR_EMAIL) values (8,'Apple','Boo','+60128794567','apple@gmail.com');
REM INSERTING into SYSTEM.AS_LOAN_DETAIL
SET DEFINE OFF;
Insert into SYSTEM.AS_LOAN_DETAIL (LOAN_ID,MRF,LRP_RATE,INTEREST_RATE,PROCESSING_FEE,TENOR) values (1,2,'1%','18%',500,3);
Insert into SYSTEM.AS_LOAN_DETAIL (LOAN_ID,MRF,LRP_RATE,INTEREST_RATE,PROCESSING_FEE,TENOR) values (2,4,'1%','18%',2000,6);
Insert into SYSTEM.AS_LOAN_DETAIL (LOAN_ID,MRF,LRP_RATE,INTEREST_RATE,PROCESSING_FEE,TENOR) values (3,8,'1%','18%',5000,12);
Insert into SYSTEM.AS_LOAN_DETAIL (LOAN_ID,MRF,LRP_RATE,INTEREST_RATE,PROCESSING_FEE,TENOR) values (4,12,'1%','18%',10000,24);
REM INSERTING into SYSTEM.AS_LOAN_MANAGEMENT
SET DEFINE OFF;
Insert into SYSTEM.AS_LOAN_MANAGEMENT (LOAN_MANAGEMENT_ID,RISK_FACTOR,LOAN_AMOUNT,CM_ID,FE_ID,MERCHANT_RISK_ID,MERCHANT_ID,DOCUMENT_CONF_ID,LOAN_ID) values (1,5,50000,1,1,1,1,1,1);
Insert into SYSTEM.AS_LOAN_MANAGEMENT (LOAN_MANAGEMENT_ID,RISK_FACTOR,LOAN_AMOUNT,CM_ID,FE_ID,MERCHANT_RISK_ID,MERCHANT_ID,DOCUMENT_CONF_ID,LOAN_ID) values (2,4,2000,2,2,2,2,1,1);
Insert into SYSTEM.AS_LOAN_MANAGEMENT (LOAN_MANAGEMENT_ID,RISK_FACTOR,LOAN_AMOUNT,CM_ID,FE_ID,MERCHANT_RISK_ID,MERCHANT_ID,DOCUMENT_CONF_ID,LOAN_ID) values (3,2,3000,3,3,3,3,2,2);
Insert into SYSTEM.AS_LOAN_MANAGEMENT (LOAN_MANAGEMENT_ID,RISK_FACTOR,LOAN_AMOUNT,CM_ID,FE_ID,MERCHANT_RISK_ID,MERCHANT_ID,DOCUMENT_CONF_ID,LOAN_ID) values (4,3,40000,4,4,4,4,2,2);
Insert into SYSTEM.AS_LOAN_MANAGEMENT (LOAN_MANAGEMENT_ID,RISK_FACTOR,LOAN_AMOUNT,CM_ID,FE_ID,MERCHANT_RISK_ID,MERCHANT_ID,DOCUMENT_CONF_ID,LOAN_ID) values (5,4,35000,5,5,5,5,3,3);
Insert into SYSTEM.AS_LOAN_MANAGEMENT (LOAN_MANAGEMENT_ID,RISK_FACTOR,LOAN_AMOUNT,CM_ID,FE_ID,MERCHANT_RISK_ID,MERCHANT_ID,DOCUMENT_CONF_ID,LOAN_ID) values (6,2,1000,6,6,6,6,3,3);
Insert into SYSTEM.AS_LOAN_MANAGEMENT (LOAN_MANAGEMENT_ID,RISK_FACTOR,LOAN_AMOUNT,CM_ID,FE_ID,MERCHANT_RISK_ID,MERCHANT_ID,DOCUMENT_CONF_ID,LOAN_ID) values (7,4,34500,7,7,7,7,4,4);
Insert into SYSTEM.AS_LOAN_MANAGEMENT (LOAN_MANAGEMENT_ID,RISK_FACTOR,LOAN_AMOUNT,CM_ID,FE_ID,MERCHANT_RISK_ID,MERCHANT_ID,DOCUMENT_CONF_ID,LOAN_ID) values (8,3,8000,8,8,8,8,5,4);
REM INSERTING into SYSTEM.AS_MER_CUST_TRANSACTION
SET DEFINE OFF;
Insert into SYSTEM.AS_MER_CUST_TRANSACTION (MERCHANT_ID,CUSTOMER_ID,TRANSACTION_DATE,PAYMENT_STATIS,AMOUNT) values (1,3,to_date('31/12/2022','DD/MM/RRRR'),'Successful',200);
Insert into SYSTEM.AS_MER_CUST_TRANSACTION (MERCHANT_ID,CUSTOMER_ID,TRANSACTION_DATE,PAYMENT_STATIS,AMOUNT) values (2,3,to_date('31/12/2022','DD/MM/RRRR'),'Successful',300);
Insert into SYSTEM.AS_MER_CUST_TRANSACTION (MERCHANT_ID,CUSTOMER_ID,TRANSACTION_DATE,PAYMENT_STATIS,AMOUNT) values (3,4,to_date('31/12/2022','DD/MM/RRRR'),'Successful',400);
Insert into SYSTEM.AS_MER_CUST_TRANSACTION (MERCHANT_ID,CUSTOMER_ID,TRANSACTION_DATE,PAYMENT_STATIS,AMOUNT) values (4,5,to_date('31/12/2022','DD/MM/RRRR'),'Successful',599);
Insert into SYSTEM.AS_MER_CUST_TRANSACTION (MERCHANT_ID,CUSTOMER_ID,TRANSACTION_DATE,PAYMENT_STATIS,AMOUNT) values (5,4,to_date('31/12/2022','DD/MM/RRRR'),'Successful',200);
Insert into SYSTEM.AS_MER_CUST_TRANSACTION (MERCHANT_ID,CUSTOMER_ID,TRANSACTION_DATE,PAYMENT_STATIS,AMOUNT) values (6,5,to_date('31/12/2022','DD/MM/RRRR'),'Successful',100);
Insert into SYSTEM.AS_MER_CUST_TRANSACTION (MERCHANT_ID,CUSTOMER_ID,TRANSACTION_DATE,PAYMENT_STATIS,AMOUNT) values (7,4,to_date('31/12/2022','DD/MM/RRRR'),'Successful',300);
Insert into SYSTEM.AS_MER_CUST_TRANSACTION (MERCHANT_ID,CUSTOMER_ID,TRANSACTION_DATE,PAYMENT_STATIS,AMOUNT) values (8,7,to_date('31/12/2022','DD/MM/RRRR'),'Successful',400);
REM INSERTING into SYSTEM.AS_MERCHANT
SET DEFINE OFF;
Insert into SYSTEM.AS_MERCHANT (MERCHANT_ID,MERCHANT_NAME,SSM,AWS,MERCHANT_EMAIL) values (18,'Mr. A','201901000009','5000','a@gmail.com');
Insert into SYSTEM.AS_MERCHANT (MERCHANT_ID,MERCHANT_NAME,SSM,AWS,MERCHANT_EMAIL) values (19,'Mr. B','201901000010','10000','b@gmail.com');
Insert into SYSTEM.AS_MERCHANT (MERCHANT_ID,MERCHANT_NAME,SSM,AWS,MERCHANT_EMAIL) values (20,'Mr. C','201901000011','15000','c@gmail.com');
Insert into SYSTEM.AS_MERCHANT (MERCHANT_ID,MERCHANT_NAME,SSM,AWS,MERCHANT_EMAIL) values (21,'Mr. D','201901000012','20000','d@gmail.com');
Insert into SYSTEM.AS_MERCHANT (MERCHANT_ID,MERCHANT_NAME,SSM,AWS,MERCHANT_EMAIL) values (22,'Mr. E','201901000013','25000','e@gmail.com');
Insert into SYSTEM.AS_MERCHANT (MERCHANT_ID,MERCHANT_NAME,SSM,AWS,MERCHANT_EMAIL) values (23,'Mr. F','201901000014','30000','f@gmail.com');
Insert into SYSTEM.AS_MERCHANT (MERCHANT_ID,MERCHANT_NAME,SSM,AWS,MERCHANT_EMAIL) values (24,'Mr. G','201901000015','50000','g@gmail.com');
Insert into SYSTEM.AS_MERCHANT (MERCHANT_ID,MERCHANT_NAME,SSM,AWS,MERCHANT_EMAIL) values (25,'Mr. H','201901000016','100000','h@gmail.com');
Insert into SYSTEM.AS_MERCHANT (MERCHANT_ID,MERCHANT_NAME,SSM,AWS,MERCHANT_EMAIL) values (17,'Mr. I','201901000017','4000','i@gmail.com');
Insert into SYSTEM.AS_MERCHANT (MERCHANT_ID,MERCHANT_NAME,SSM,AWS,MERCHANT_EMAIL) values (1,'EXOTIC','EXOTIC Sdn. Bhd.','1234','exotic@gmail.com');
Insert into SYSTEM.AS_MERCHANT (MERCHANT_ID,MERCHANT_NAME,SSM,AWS,MERCHANT_EMAIL) values (2,'LISABEUTY','LISABEUTY Sdn. Bhd.','1642','lisabeauty@gmail.com');
Insert into SYSTEM.AS_MERCHANT (MERCHANT_ID,MERCHANT_NAME,SSM,AWS,MERCHANT_EMAIL) values (3,'ENHYPEN','ENHYPEN Sdn. Bhd.','924','enhypen@gmail.com');
Insert into SYSTEM.AS_MERCHANT (MERCHANT_ID,MERCHANT_NAME,SSM,AWS,MERCHANT_EMAIL) values (4,'TXT','TXT Sdn. Bhd.','3697','txt@gmail.com');
Insert into SYSTEM.AS_MERCHANT (MERCHANT_ID,MERCHANT_NAME,SSM,AWS,MERCHANT_EMAIL) values (5,'GGD','GGD Sdn. Bhd.','2452','ggd@gmail.com');
Insert into SYSTEM.AS_MERCHANT (MERCHANT_ID,MERCHANT_NAME,SSM,AWS,MERCHANT_EMAIL) values (6,'LSF','LSF Sdn. Bhd.','3175','lsf@gmail.com');
Insert into SYSTEM.AS_MERCHANT (MERCHANT_ID,MERCHANT_NAME,SSM,AWS,MERCHANT_EMAIL) values (7,'LOLICON','LOLICON Sdn. Bhd.','998','lolicon@gmail.com');
Insert into SYSTEM.AS_MERCHANT (MERCHANT_ID,MERCHANT_NAME,SSM,AWS,MERCHANT_EMAIL) values (8,'POLO','POLO Sdn. Bhd.','3542','polo@gmail.com');
Insert into SYSTEM.AS_MERCHANT (MERCHANT_ID,MERCHANT_NAME,SSM,AWS,MERCHANT_EMAIL) values (9,'ELEMENT','ELEMENT Sdn. Bhd.','1000','element@gmail.com');
Insert into SYSTEM.AS_MERCHANT (MERCHANT_ID,MERCHANT_NAME,SSM,AWS,MERCHANT_EMAIL) values (10,'INOIS','INOIS Sdn. Bhd.','1200','inois@gmail.com');
Insert into SYSTEM.AS_MERCHANT (MERCHANT_ID,MERCHANT_NAME,SSM,AWS,MERCHANT_EMAIL) values (11,'TBK','TBK Sdn. Bhd.','2800','tbk@gmail.com');
Insert into SYSTEM.AS_MERCHANT (MERCHANT_ID,MERCHANT_NAME,SSM,AWS,MERCHANT_EMAIL) values (12,'MACHINE','MACHINE Sdn. Bhd.','3333
','machine@gmail.com');
Insert into SYSTEM.AS_MERCHANT (MERCHANT_ID,MERCHANT_NAME,SSM,AWS,MERCHANT_EMAIL) values (13,'RAPID','RAPID Sdn. Bhd.','1441','rapid@gmail.com');
Insert into SYSTEM.AS_MERCHANT (MERCHANT_ID,MERCHANT_NAME,SSM,AWS,MERCHANT_EMAIL) values (14,'PROSPECT','PROSPECT Sdn. Bhd.','2656','prospect@gmail.com');
Insert into SYSTEM.AS_MERCHANT (MERCHANT_ID,MERCHANT_NAME,SSM,AWS,MERCHANT_EMAIL) values (15,'DEPOT','DEPOT Sdn. Bhd.','1897','depot@gmail.com');
Insert into SYSTEM.AS_MERCHANT (MERCHANT_ID,MERCHANT_NAME,SSM,AWS,MERCHANT_EMAIL) values (16,'LBA','LBA Sdn. Bhd.','2456','lba@gmail.com');
REM INSERTING into SYSTEM.AS_MERCHANT_ASSET
SET DEFINE OFF;
Insert into SYSTEM.AS_MERCHANT_ASSET (MERCHANT_ASSET_ID,MERCHANT_ID,ASSET_TYPE,ASSET_VALUE,OWNERSHIP_PERCENTAGE,POSSESSION_SINCE) values (1,2,'Tangible',1000000,90,to_date('11/01/2020','DD/MM/RRRR'));
Insert into SYSTEM.AS_MERCHANT_ASSET (MERCHANT_ASSET_ID,MERCHANT_ID,ASSET_TYPE,ASSET_VALUE,OWNERSHIP_PERCENTAGE,POSSESSION_SINCE) values (2,7,'Tangible',2000000,100,to_date('11/02/2020','DD/MM/RRRR'));
Insert into SYSTEM.AS_MERCHANT_ASSET (MERCHANT_ASSET_ID,MERCHANT_ID,ASSET_TYPE,ASSET_VALUE,OWNERSHIP_PERCENTAGE,POSSESSION_SINCE) values (3,5,'Tangible',1200000,100,to_date('11/03/2020','DD/MM/RRRR'));
Insert into SYSTEM.AS_MERCHANT_ASSET (MERCHANT_ASSET_ID,MERCHANT_ID,ASSET_TYPE,ASSET_VALUE,OWNERSHIP_PERCENTAGE,POSSESSION_SINCE) values (4,1,'Tangible',1500000,100,to_date('11/04/2020','DD/MM/RRRR'));
Insert into SYSTEM.AS_MERCHANT_ASSET (MERCHANT_ASSET_ID,MERCHANT_ID,ASSET_TYPE,ASSET_VALUE,OWNERSHIP_PERCENTAGE,POSSESSION_SINCE) values (5,4,'Tangible',1900000,90,to_date('11/05/2020','DD/MM/RRRR'));
Insert into SYSTEM.AS_MERCHANT_ASSET (MERCHANT_ASSET_ID,MERCHANT_ID,ASSET_TYPE,ASSET_VALUE,OWNERSHIP_PERCENTAGE,POSSESSION_SINCE) values (6,6,'Tangible',2600000,100,to_date('11/06/2020','DD/MM/RRRR'));
Insert into SYSTEM.AS_MERCHANT_ASSET (MERCHANT_ASSET_ID,MERCHANT_ID,ASSET_TYPE,ASSET_VALUE,OWNERSHIP_PERCENTAGE,POSSESSION_SINCE) values (7,3,'Intangible',2200000,90,to_date('11/07/2020','DD/MM/RRRR'));
Insert into SYSTEM.AS_MERCHANT_ASSET (MERCHANT_ASSET_ID,MERCHANT_ID,ASSET_TYPE,ASSET_VALUE,OWNERSHIP_PERCENTAGE,POSSESSION_SINCE) values (8,8,'Intangible',1400000,100,to_date('11/08/2020','DD/MM/RRRR'));
REM INSERTING into SYSTEM.AS_MERCHANT_LIABILITY
SET DEFINE OFF;
Insert into SYSTEM.AS_MERCHANT_LIABILITY (MERCHANT_LIABILITY_ID,MERCHANT_ID,LIABILITY_OUTSTANDING,LIABILITY_TYPE,LOAN_DATE,VALID_FROM,VALID_TO) values (1,1,2984,'Short-term',to_date('01/01/2021','DD/MM/RRRR'),to_date('05/01/2021','DD/MM/RRRR'),to_date('05/01/2022','DD/MM/RRRR'));
Insert into SYSTEM.AS_MERCHANT_LIABILITY (MERCHANT_LIABILITY_ID,MERCHANT_ID,LIABILITY_OUTSTANDING,LIABILITY_TYPE,LOAN_DATE,VALID_FROM,VALID_TO) values (2,4,1213,'Short-term',to_date('01/02/2021','DD/MM/RRRR'),to_date('05/02/2021','DD/MM/RRRR'),to_date('05/02/2022','DD/MM/RRRR'));
Insert into SYSTEM.AS_MERCHANT_LIABILITY (MERCHANT_LIABILITY_ID,MERCHANT_ID,LIABILITY_OUTSTANDING,LIABILITY_TYPE,LOAN_DATE,VALID_FROM,VALID_TO) values (3,6,1765,'Short-term',to_date('01/03/2021','DD/MM/RRRR'),to_date('05/03/2021','DD/MM/RRRR'),to_date('05/03/2022','DD/MM/RRRR'));
Insert into SYSTEM.AS_MERCHANT_LIABILITY (MERCHANT_LIABILITY_ID,MERCHANT_ID,LIABILITY_OUTSTANDING,LIABILITY_TYPE,LOAN_DATE,VALID_FROM,VALID_TO) values (4,5,1657,'Short-term',to_date('01/04/2021','DD/MM/RRRR'),to_date('05/04/2021','DD/MM/RRRR'),to_date('05/04/2022','DD/MM/RRRR'));
Insert into SYSTEM.AS_MERCHANT_LIABILITY (MERCHANT_LIABILITY_ID,MERCHANT_ID,LIABILITY_OUTSTANDING,LIABILITY_TYPE,LOAN_DATE,VALID_FROM,VALID_TO) values (5,3,2424,'Short-term',to_date('01/05/2021','DD/MM/RRRR'),to_date('05/05/2021','DD/MM/RRRR'),to_date('05/05/2022','DD/MM/RRRR'));
Insert into SYSTEM.AS_MERCHANT_LIABILITY (MERCHANT_LIABILITY_ID,MERCHANT_ID,LIABILITY_OUTSTANDING,LIABILITY_TYPE,LOAN_DATE,VALID_FROM,VALID_TO) values (6,7,5854,'Long-term',to_date('01/06/2021','DD/MM/RRRR'),to_date('05/06/2021','DD/MM/RRRR'),to_date('05/06/2024','DD/MM/RRRR'));
Insert into SYSTEM.AS_MERCHANT_LIABILITY (MERCHANT_LIABILITY_ID,MERCHANT_ID,LIABILITY_OUTSTANDING,LIABILITY_TYPE,LOAN_DATE,VALID_FROM,VALID_TO) values (7,2,4565,'Long-term',to_date('01/07/2021','DD/MM/RRRR'),to_date('05/07/2021','DD/MM/RRRR'),to_date('05/07/2024','DD/MM/RRRR'));
Insert into SYSTEM.AS_MERCHANT_LIABILITY (MERCHANT_LIABILITY_ID,MERCHANT_ID,LIABILITY_OUTSTANDING,LIABILITY_TYPE,LOAN_DATE,VALID_FROM,VALID_TO) values (8,8,4221,'Long-term',to_date('01/08/2021','DD/MM/RRRR'),to_date('05/08/2021','DD/MM/RRRR'),to_date('05/08/2024','DD/MM/RRRR'));
REM INSERTING into SYSTEM.AS_RISK_ENGINE
SET DEFINE OFF;
Insert into SYSTEM.AS_RISK_ENGINE (MERCHANT_RISK_ID,CREDIT_WEIGHTAGE,MIN_CREDIT_FACTOR,MAX_CREDIT_FACTOR,MIN_LOAN_RATE,MAX_LOAN_RATE,LIGITATION_FACTOR,MIN_LIGITATION_FACTOR,MAX_LIGITATION_FACTOR,TOTAL_RISK_WEIGHTAGE,TOTAL_LOAN_WEIGHTAGE,VALID_FROM,VALID_TO) values (1,5,3,5,70,100,4,2,4,3,5,to_date('28/12/2022','DD/MM/RRRR'),to_date('31/12/2022','DD/MM/RRRR'));
Insert into SYSTEM.AS_RISK_ENGINE (MERCHANT_RISK_ID,CREDIT_WEIGHTAGE,MIN_CREDIT_FACTOR,MAX_CREDIT_FACTOR,MIN_LOAN_RATE,MAX_LOAN_RATE,LIGITATION_FACTOR,MIN_LIGITATION_FACTOR,MAX_LIGITATION_FACTOR,TOTAL_RISK_WEIGHTAGE,TOTAL_LOAN_WEIGHTAGE,VALID_FROM,VALID_TO) values (2,4,2,4,50,100,3,1,3,4,5,to_date('28/12/2022','DD/MM/RRRR'),to_date('31/12/2022','DD/MM/RRRR'));
Insert into SYSTEM.AS_RISK_ENGINE (MERCHANT_RISK_ID,CREDIT_WEIGHTAGE,MIN_CREDIT_FACTOR,MAX_CREDIT_FACTOR,MIN_LOAN_RATE,MAX_LOAN_RATE,LIGITATION_FACTOR,MIN_LIGITATION_FACTOR,MAX_LIGITATION_FACTOR,TOTAL_RISK_WEIGHTAGE,TOTAL_LOAN_WEIGHTAGE,VALID_FROM,VALID_TO) values (3,5,4,5,70,100,2,1,2,5,5,to_date('28/12/2022','DD/MM/RRRR'),to_date('31/12/2022','DD/MM/RRRR'));
Insert into SYSTEM.AS_RISK_ENGINE (MERCHANT_RISK_ID,CREDIT_WEIGHTAGE,MIN_CREDIT_FACTOR,MAX_CREDIT_FACTOR,MIN_LOAN_RATE,MAX_LOAN_RATE,LIGITATION_FACTOR,MIN_LIGITATION_FACTOR,MAX_LIGITATION_FACTOR,TOTAL_RISK_WEIGHTAGE,TOTAL_LOAN_WEIGHTAGE,VALID_FROM,VALID_TO) values (4,3,2,3,50,75,3,2,3,4,4,to_date('28/12/2022','DD/MM/RRRR'),to_date('31/12/2022','DD/MM/RRRR'));
Insert into SYSTEM.AS_RISK_ENGINE (MERCHANT_RISK_ID,CREDIT_WEIGHTAGE,MIN_CREDIT_FACTOR,MAX_CREDIT_FACTOR,MIN_LOAN_RATE,MAX_LOAN_RATE,LIGITATION_FACTOR,MIN_LIGITATION_FACTOR,MAX_LIGITATION_FACTOR,TOTAL_RISK_WEIGHTAGE,TOTAL_LOAN_WEIGHTAGE,VALID_FROM,VALID_TO) values (5,2,1,2,50,75,2,1,2,5,3,to_date('28/12/2022','DD/MM/RRRR'),to_date('31/12/2022','DD/MM/RRRR'));
Insert into SYSTEM.AS_RISK_ENGINE (MERCHANT_RISK_ID,CREDIT_WEIGHTAGE,MIN_CREDIT_FACTOR,MAX_CREDIT_FACTOR,MIN_LOAN_RATE,MAX_LOAN_RATE,LIGITATION_FACTOR,MIN_LIGITATION_FACTOR,MAX_LIGITATION_FACTOR,TOTAL_RISK_WEIGHTAGE,TOTAL_LOAN_WEIGHTAGE,VALID_FROM,VALID_TO) values (6,3,2,3,50,75,1,1,1,3,4,to_date('28/12/2022','DD/MM/RRRR'),to_date('31/12/2022','DD/MM/RRRR'));
Insert into SYSTEM.AS_RISK_ENGINE (MERCHANT_RISK_ID,CREDIT_WEIGHTAGE,MIN_CREDIT_FACTOR,MAX_CREDIT_FACTOR,MIN_LOAN_RATE,MAX_LOAN_RATE,LIGITATION_FACTOR,MIN_LIGITATION_FACTOR,MAX_LIGITATION_FACTOR,TOTAL_RISK_WEIGHTAGE,TOTAL_LOAN_WEIGHTAGE,VALID_FROM,VALID_TO) values (7,4,1,3,50,75,2,1,2,2,5,to_date('28/12/2022','DD/MM/RRRR'),to_date('31/12/2022','DD/MM/RRRR'));
Insert into SYSTEM.AS_RISK_ENGINE (MERCHANT_RISK_ID,CREDIT_WEIGHTAGE,MIN_CREDIT_FACTOR,MAX_CREDIT_FACTOR,MIN_LOAN_RATE,MAX_LOAN_RATE,LIGITATION_FACTOR,MIN_LIGITATION_FACTOR,MAX_LIGITATION_FACTOR,TOTAL_RISK_WEIGHTAGE,TOTAL_LOAN_WEIGHTAGE,VALID_FROM,VALID_TO) values (8,1,1,1,50,75,3,2,3,3,5,to_date('28/12/2022','DD/MM/RRRR'),to_date('31/12/2022','DD/MM/RRRR'));
REM INSERTING into SYSTEM.AS_RISK_MANAGEMENT
SET DEFINE OFF;
Insert into SYSTEM.AS_RISK_MANAGEMENT (MERCHANT_RISK_DETAIL_ID,CREDIT_SCORE,KYC_SCORE,MIN_SUGGESTED_ENTITLEMENT,MAX_SUGGESTED_ENTITLEMENT,LIGITATION_INDEX_SCORE,COMPANY_REG_NO,FINANCE_INDICATOR_ID,CREDIT_APP_HISTORY,CCRIS,BOUNDED_CHECK,SSM,BOARD_OF_DIRECTOR,SHAREHOLDERS,FINANCIAL_ANNUM_REPORT,BUSINESS,OFFICE_ADDRESS,LGL,PENDING_CASES,CASES_HISTORY,AMLA,TR,INVOICE_PAYMENT_PERFORMANCE,MERCHANT_ID,CREDIT_AGENT_ID,MERCHANT_RISK_ID) values (1,9,9,2000,6000,1,1,'A1','Good','Good','None','1234567-A','Ian','Muthu','Good','Educational','1,30000,Ipoh,Perak','Legal','None','None','None','Good',100,1,1,8);
Insert into SYSTEM.AS_RISK_MANAGEMENT (MERCHANT_RISK_DETAIL_ID,CREDIT_SCORE,KYC_SCORE,MIN_SUGGESTED_ENTITLEMENT,MAX_SUGGESTED_ENTITLEMENT,LIGITATION_INDEX_SCORE,COMPANY_REG_NO,FINANCE_INDICATOR_ID,CREDIT_APP_HISTORY,CCRIS,BOUNDED_CHECK,SSM,BOARD_OF_DIRECTOR,SHAREHOLDERS,FINANCIAL_ANNUM_REPORT,BUSINESS,OFFICE_ADDRESS,LGL,PENDING_CASES,CASES_HISTORY,AMLA,TR,INVOICE_PAYMENT_PERFORMANCE,MERCHANT_ID,CREDIT_AGENT_ID,MERCHANT_RISK_ID) values (2,8,9,2000,6000,1,2,'A2','Good','Good','None','1146309-A','Eric','Alex','Good','Pet','2,01000,Kangar,Perlis','Legal','None','None','None','Good',100,2,2,1);
Insert into SYSTEM.AS_RISK_MANAGEMENT (MERCHANT_RISK_DETAIL_ID,CREDIT_SCORE,KYC_SCORE,MIN_SUGGESTED_ENTITLEMENT,MAX_SUGGESTED_ENTITLEMENT,LIGITATION_INDEX_SCORE,COMPANY_REG_NO,FINANCE_INDICATOR_ID,CREDIT_APP_HISTORY,CCRIS,BOUNDED_CHECK,SSM,BOARD_OF_DIRECTOR,SHAREHOLDERS,FINANCIAL_ANNUM_REPORT,BUSINESS,OFFICE_ADDRESS,LGL,PENDING_CASES,CASES_HISTORY,AMLA,TR,INVOICE_PAYMENT_PERFORMANCE,MERCHANT_ID,CREDIT_AGENT_ID,MERCHANT_RISK_ID) values (3,8,8,3000,7000,1,3,'A3','Good','Good','None','1051824-A','Adeline','Alicia','Good','Clothing','3,09000,Kulim,Kedah','Legal','None','None','None','Good',100,3,3,2);
Insert into SYSTEM.AS_RISK_MANAGEMENT (MERCHANT_RISK_DETAIL_ID,CREDIT_SCORE,KYC_SCORE,MIN_SUGGESTED_ENTITLEMENT,MAX_SUGGESTED_ENTITLEMENT,LIGITATION_INDEX_SCORE,COMPANY_REG_NO,FINANCE_INDICATOR_ID,CREDIT_APP_HISTORY,CCRIS,BOUNDED_CHECK,SSM,BOARD_OF_DIRECTOR,SHAREHOLDERS,FINANCIAL_ANNUM_REPORT,BUSINESS,OFFICE_ADDRESS,LGL,PENDING_CASES,CASES_HISTORY,AMLA,TR,INVOICE_PAYMENT_PERFORMANCE,MERCHANT_ID,CREDIT_AGENT_ID,MERCHANT_RISK_ID) values (4,9,9,3000,7000,1,4,'A4','Good','Good','None','1314401-A','Jason','John','Good','Retail','4,89300,Ranau,Sabah','Legal','None','None','None','Good',100,4,4,3);
Insert into SYSTEM.AS_RISK_MANAGEMENT (MERCHANT_RISK_DETAIL_ID,CREDIT_SCORE,KYC_SCORE,MIN_SUGGESTED_ENTITLEMENT,MAX_SUGGESTED_ENTITLEMENT,LIGITATION_INDEX_SCORE,COMPANY_REG_NO,FINANCE_INDICATOR_ID,CREDIT_APP_HISTORY,CCRIS,BOUNDED_CHECK,SSM,BOARD_OF_DIRECTOR,SHAREHOLDERS,FINANCIAL_ANNUM_REPORT,BUSINESS,OFFICE_ADDRESS,LGL,PENDING_CASES,CASES_HISTORY,AMLA,TR,INVOICE_PAYMENT_PERFORMANCE,MERCHANT_ID,CREDIT_AGENT_ID,MERCHANT_RISK_ID) values (5,9,8,3000,7000,1,5,'A5','Good','Good','None','1211056-A','Ali','Gopal','Good','Manufacturing','5,93000,Kuching,Sarawak','Legal','None','None','None','Good',100,5,5,4);
Insert into SYSTEM.AS_RISK_MANAGEMENT (MERCHANT_RISK_DETAIL_ID,CREDIT_SCORE,KYC_SCORE,MIN_SUGGESTED_ENTITLEMENT,MAX_SUGGESTED_ENTITLEMENT,LIGITATION_INDEX_SCORE,COMPANY_REG_NO,FINANCE_INDICATOR_ID,CREDIT_APP_HISTORY,CCRIS,BOUNDED_CHECK,SSM,BOARD_OF_DIRECTOR,SHAREHOLDERS,FINANCIAL_ANNUM_REPORT,BUSINESS,OFFICE_ADDRESS,LGL,PENDING_CASES,CASES_HISTORY,AMLA,TR,INVOICE_PAYMENT_PERFORMANCE,MERCHANT_ID,CREDIT_AGENT_ID,MERCHANT_RISK_ID) values (6,8,9,3000,7000,1,6,'A6','Good','Good','None','1365269-A','Muhammad','Azmin','Good','Food','6,85000,Segamat,Johor','Legal','None','None','None','Good',100,6,6,5);
Insert into SYSTEM.AS_RISK_MANAGEMENT (MERCHANT_RISK_DETAIL_ID,CREDIT_SCORE,KYC_SCORE,MIN_SUGGESTED_ENTITLEMENT,MAX_SUGGESTED_ENTITLEMENT,LIGITATION_INDEX_SCORE,COMPANY_REG_NO,FINANCE_INDICATOR_ID,CREDIT_APP_HISTORY,CCRIS,BOUNDED_CHECK,SSM,BOARD_OF_DIRECTOR,SHAREHOLDERS,FINANCIAL_ANNUM_REPORT,BUSINESS,OFFICE_ADDRESS,LGL,PENDING_CASES,CASES_HISTORY,AMLA,TR,INVOICE_PAYMENT_PERFORMANCE,MERCHANT_ID,CREDIT_AGENT_ID,MERCHANT_RISK_ID) values (7,8,9,4000,8000,1,7,'A7','Good','Good','None','1385747-A','Sarvin','Diviya','Good','Medical','7,26600,Pekan,Pahang','Legal','None','None','None','Good',100,7,7,6);
Insert into SYSTEM.AS_RISK_MANAGEMENT (MERCHANT_RISK_DETAIL_ID,CREDIT_SCORE,KYC_SCORE,MIN_SUGGESTED_ENTITLEMENT,MAX_SUGGESTED_ENTITLEMENT,LIGITATION_INDEX_SCORE,COMPANY_REG_NO,FINANCE_INDICATOR_ID,CREDIT_APP_HISTORY,CCRIS,BOUNDED_CHECK,SSM,BOARD_OF_DIRECTOR,SHAREHOLDERS,FINANCIAL_ANNUM_REPORT,BUSINESS,OFFICE_ADDRESS,LGL,PENDING_CASES,CASES_HISTORY,AMLA,TR,INVOICE_PAYMENT_PERFORMANCE,MERCHANT_ID,CREDIT_AGENT_ID,MERCHANT_RISK_ID) values (8,9,8,4000,8000,1,8,'A8','Good','Good','None','1044675-A','Samiha','Zahid','Good','Design','8,77000,Jasin,Melaka','Legal','None','None','None','Good',100,8,8,7);
REM INSERTING into SYSTEM.AS_TRANSACTION
SET DEFINE OFF;
Insert into SYSTEM.AS_TRANSACTION (TRANSACTION_ID,TRANS_DATE,TRANS_TYPE,AMMOUNT,BUSINESS_ID,ACCOUNT_ID) values (1,to_date('28/12/2022','DD/MM/RRRR'),'Fund Transfer',500,1,9);
Insert into SYSTEM.AS_TRANSACTION (TRANSACTION_ID,TRANS_DATE,TRANS_TYPE,AMMOUNT,BUSINESS_ID,ACCOUNT_ID) values (2,to_date('28/12/2022','DD/MM/RRRR'),'Fund Transfer',1000,2,10);
Insert into SYSTEM.AS_TRANSACTION (TRANSACTION_ID,TRANS_DATE,TRANS_TYPE,AMMOUNT,BUSINESS_ID,ACCOUNT_ID) values (3,to_date('28/12/2022','DD/MM/RRRR'),'Fund Transfer',300,3,11);
Insert into SYSTEM.AS_TRANSACTION (TRANSACTION_ID,TRANS_DATE,TRANS_TYPE,AMMOUNT,BUSINESS_ID,ACCOUNT_ID) values (4,to_date('28/12/2022','DD/MM/RRRR'),'DuitNow',200,4,12);
Insert into SYSTEM.AS_TRANSACTION (TRANSACTION_ID,TRANS_DATE,TRANS_TYPE,AMMOUNT,BUSINESS_ID,ACCOUNT_ID) values (5,to_date('28/12/2022','DD/MM/RRRR'),'DuitNow',500,5,13);
Insert into SYSTEM.AS_TRANSACTION (TRANSACTION_ID,TRANS_DATE,TRANS_TYPE,AMMOUNT,BUSINESS_ID,ACCOUNT_ID) values (6,to_date('28/12/2022','DD/MM/RRRR'),'DuitNow',900,6,14);
Insert into SYSTEM.AS_TRANSACTION (TRANSACTION_ID,TRANS_DATE,TRANS_TYPE,AMMOUNT,BUSINESS_ID,ACCOUNT_ID) values (7,to_date('28/12/2022','DD/MM/RRRR'),'Fund Transfer',8000,7,15);
Insert into SYSTEM.AS_TRANSACTION (TRANSACTION_ID,TRANS_DATE,TRANS_TYPE,AMMOUNT,BUSINESS_ID,ACCOUNT_ID) values (8,to_date('28/12/2022','DD/MM/RRRR'),'Fund Transfer',2500,8,16);
--------------------------------------------------------
--  DDL for Index AS_ACCOUNT_UK1
--------------------------------------------------------

  CREATE UNIQUE INDEX "SYSTEM"."AS_ACCOUNT_UK1" ON "SYSTEM"."AS_ACCOUNT" ("ACCOUNT_NAME", "ACCOUNT_PASSWORD") 
  PCTFREE 10 INITRANS 2 MAXTRANS 255 COMPUTE STATISTICS 
  STORAGE(INITIAL 65536 NEXT 1048576 MINEXTENTS 1 MAXEXTENTS 2147483645
  PCTINCREASE 0 FREELISTS 1 FREELIST GROUPS 1 BUFFER_POOL DEFAULT FLASH_CACHE DEFAULT CELL_FLASH_CACHE DEFAULT)
  TABLESPACE "SYSTEM" ;
--------------------------------------------------------
--  DDL for Index AS_ACCOUNT_PK
--------------------------------------------------------

  CREATE UNIQUE INDEX "SYSTEM"."AS_ACCOUNT_PK" ON "SYSTEM"."AS_ACCOUNT" ("ACCOUNT_ID") 
  PCTFREE 10 INITRANS 2 MAXTRANS 255 COMPUTE STATISTICS 
  STORAGE(INITIAL 65536 NEXT 1048576 MINEXTENTS 1 MAXEXTENTS 2147483645
  PCTINCREASE 0 FREELISTS 1 FREELIST GROUPS 1 BUFFER_POOL DEFAULT FLASH_CACHE DEFAULT CELL_FLASH_CACHE DEFAULT)
  TABLESPACE "SYSTEM" ;
--------------------------------------------------------
--  DDL for Index AS_BUSINESS_PRODUCT_OWNER_PK
--------------------------------------------------------

  CREATE UNIQUE INDEX "SYSTEM"."AS_BUSINESS_PRODUCT_OWNER_PK" ON "SYSTEM"."AS_BUSINESS_PRODUCT_OWNER" ("BUSINESS_ID") 
  PCTFREE 10 INITRANS 2 MAXTRANS 255 COMPUTE STATISTICS 
  STORAGE(INITIAL 65536 NEXT 1048576 MINEXTENTS 1 MAXEXTENTS 2147483645
  PCTINCREASE 0 FREELISTS 1 FREELIST GROUPS 1 BUFFER_POOL DEFAULT FLASH_CACHE DEFAULT CELL_FLASH_CACHE DEFAULT)
  TABLESPACE "SYSTEM" ;
--------------------------------------------------------
--  DDL for Index AS_BUSINESS_PRODUCT_OWNER_UK1
--------------------------------------------------------

  CREATE UNIQUE INDEX "SYSTEM"."AS_BUSINESS_PRODUCT_OWNER_UK1" ON "SYSTEM"."AS_BUSINESS_PRODUCT_OWNER" ("BUSINESS_NAME", "BUSINESS_TYPE", "CONTACT_EMAIL", "CURRENT_ADDRESS", "OFFICE_ADDRESS", "CONTACT_NUMBER") 
  PCTFREE 10 INITRANS 2 MAXTRANS 255 COMPUTE STATISTICS 
  STORAGE(INITIAL 65536 NEXT 1048576 MINEXTENTS 1 MAXEXTENTS 2147483645
  PCTINCREASE 0 FREELISTS 1 FREELIST GROUPS 1 BUFFER_POOL DEFAULT FLASH_CACHE DEFAULT CELL_FLASH_CACHE DEFAULT)
  TABLESPACE "SYSTEM" ;
--------------------------------------------------------
--  DDL for Index AS_CAPITAL_ENGINE_PK
--------------------------------------------------------

  CREATE UNIQUE INDEX "SYSTEM"."AS_CAPITAL_ENGINE_PK" ON "SYSTEM"."AS_CAPITAL_ENGINE" ("CE_ID") 
  PCTFREE 10 INITRANS 2 MAXTRANS 255 COMPUTE STATISTICS 
  STORAGE(INITIAL 65536 NEXT 1048576 MINEXTENTS 1 MAXEXTENTS 2147483645
  PCTINCREASE 0 FREELISTS 1 FREELIST GROUPS 1 BUFFER_POOL DEFAULT FLASH_CACHE DEFAULT CELL_FLASH_CACHE DEFAULT)
  TABLESPACE "SYSTEM" ;
--------------------------------------------------------
--  DDL for Index AS_CAPITAL_MANAGEMENT_PK
--------------------------------------------------------

  CREATE UNIQUE INDEX "SYSTEM"."AS_CAPITAL_MANAGEMENT_PK" ON "SYSTEM"."AS_CAPITAL_MANAGEMENT" ("CM_ID") 
  PCTFREE 10 INITRANS 2 MAXTRANS 255 COMPUTE STATISTICS 
  STORAGE(INITIAL 65536 NEXT 1048576 MINEXTENTS 1 MAXEXTENTS 2147483645
  PCTINCREASE 0 FREELISTS 1 FREELIST GROUPS 1 BUFFER_POOL DEFAULT FLASH_CACHE DEFAULT CELL_FLASH_CACHE DEFAULT)
  TABLESPACE "SYSTEM" ;
--------------------------------------------------------
--  DDL for Index AS_CREDIT_RISK_PROVIDER_PK
--------------------------------------------------------

  CREATE UNIQUE INDEX "SYSTEM"."AS_CREDIT_RISK_PROVIDER_PK" ON "SYSTEM"."AS_CREDIT_RISK_PROVIDER" ("CREDIT_AGENT_ID") 
  PCTFREE 10 INITRANS 2 MAXTRANS 255 COMPUTE STATISTICS 
  STORAGE(INITIAL 65536 NEXT 1048576 MINEXTENTS 1 MAXEXTENTS 2147483645
  PCTINCREASE 0 FREELISTS 1 FREELIST GROUPS 1 BUFFER_POOL DEFAULT FLASH_CACHE DEFAULT CELL_FLASH_CACHE DEFAULT)
  TABLESPACE "SYSTEM" ;
--------------------------------------------------------
--  DDL for Index AS_CUSTOMER_PK
--------------------------------------------------------

  CREATE UNIQUE INDEX "SYSTEM"."AS_CUSTOMER_PK" ON "SYSTEM"."AS_CUSTOMER" ("CUSTOMER_ID") 
  PCTFREE 10 INITRANS 2 MAXTRANS 255 COMPUTE STATISTICS 
  STORAGE(INITIAL 65536 NEXT 1048576 MINEXTENTS 1 MAXEXTENTS 2147483645
  PCTINCREASE 0 FREELISTS 1 FREELIST GROUPS 1 BUFFER_POOL DEFAULT FLASH_CACHE DEFAULT CELL_FLASH_CACHE DEFAULT)
  TABLESPACE "SYSTEM" ;
--------------------------------------------------------
--  DDL for Index AS_DISTRICT_PK
--------------------------------------------------------

  CREATE UNIQUE INDEX "SYSTEM"."AS_DISTRICT_PK" ON "SYSTEM"."AS_DISTRICT" ("DISTRICT_ID") 
  PCTFREE 10 INITRANS 2 MAXTRANS 255 COMPUTE STATISTICS 
  STORAGE(INITIAL 65536 NEXT 1048576 MINEXTENTS 1 MAXEXTENTS 2147483645
  PCTINCREASE 0 FREELISTS 1 FREELIST GROUPS 1 BUFFER_POOL DEFAULT FLASH_CACHE DEFAULT CELL_FLASH_CACHE DEFAULT)
  TABLESPACE "SYSTEM" ;
--------------------------------------------------------
--  DDL for Index AS_DOCUMENT_PK
--------------------------------------------------------

  CREATE UNIQUE INDEX "SYSTEM"."AS_DOCUMENT_PK" ON "SYSTEM"."AS_DOCUMENT" ("DOCUMENT_CONF_ID") 
  PCTFREE 10 INITRANS 2 MAXTRANS 255 COMPUTE STATISTICS 
  STORAGE(INITIAL 65536 NEXT 1048576 MINEXTENTS 1 MAXEXTENTS 2147483645
  PCTINCREASE 0 FREELISTS 1 FREELIST GROUPS 1 BUFFER_POOL DEFAULT FLASH_CACHE DEFAULT CELL_FLASH_CACHE DEFAULT)
  TABLESPACE "SYSTEM" ;
--------------------------------------------------------
--  DDL for Index AS_EMPLOYMENT_DETAIL_PK
--------------------------------------------------------

  CREATE UNIQUE INDEX "SYSTEM"."AS_EMPLOYMENT_DETAIL_PK" ON "SYSTEM"."AS_EMPLOYMENT_DETAIL" ("CUST_EMPLOYMENT_ID") 
  PCTFREE 10 INITRANS 2 MAXTRANS 255 COMPUTE STATISTICS 
  STORAGE(INITIAL 65536 NEXT 1048576 MINEXTENTS 1 MAXEXTENTS 2147483645
  PCTINCREASE 0 FREELISTS 1 FREELIST GROUPS 1 BUFFER_POOL DEFAULT FLASH_CACHE DEFAULT CELL_FLASH_CACHE DEFAULT)
  TABLESPACE "SYSTEM" ;
--------------------------------------------------------
--  DDL for Index AS_FINANCING_ENGINE_PK
--------------------------------------------------------

  CREATE UNIQUE INDEX "SYSTEM"."AS_FINANCING_ENGINE_PK" ON "SYSTEM"."AS_FINANCING_ENGINE" ("FE_ID") 
  PCTFREE 10 INITRANS 2 MAXTRANS 255 COMPUTE STATISTICS 
  STORAGE(INITIAL 65536 NEXT 1048576 MINEXTENTS 1 MAXEXTENTS 2147483645
  PCTINCREASE 0 FREELISTS 1 FREELIST GROUPS 1 BUFFER_POOL DEFAULT FLASH_CACHE DEFAULT CELL_FLASH_CACHE DEFAULT)
  TABLESPACE "SYSTEM" ;
--------------------------------------------------------
--  DDL for Index AS_INVESTMENT_PK
--------------------------------------------------------

  CREATE UNIQUE INDEX "SYSTEM"."AS_INVESTMENT_PK" ON "SYSTEM"."AS_INVESTMENT" ("BUSINESS_ID", "INVESTOR_ID") 
  PCTFREE 10 INITRANS 2 MAXTRANS 255 COMPUTE STATISTICS 
  STORAGE(INITIAL 65536 NEXT 1048576 MINEXTENTS 1 MAXEXTENTS 2147483645
  PCTINCREASE 0 FREELISTS 1 FREELIST GROUPS 1 BUFFER_POOL DEFAULT FLASH_CACHE DEFAULT CELL_FLASH_CACHE DEFAULT)
  TABLESPACE "SYSTEM" ;
--------------------------------------------------------
--  DDL for Index AS_INVESTOR_PK
--------------------------------------------------------

  CREATE UNIQUE INDEX "SYSTEM"."AS_INVESTOR_PK" ON "SYSTEM"."AS_INVESTOR" ("INVESTOR_ID") 
  PCTFREE 10 INITRANS 2 MAXTRANS 255 COMPUTE STATISTICS 
  STORAGE(INITIAL 65536 NEXT 1048576 MINEXTENTS 1 MAXEXTENTS 2147483645
  PCTINCREASE 0 FREELISTS 1 FREELIST GROUPS 1 BUFFER_POOL DEFAULT FLASH_CACHE DEFAULT CELL_FLASH_CACHE DEFAULT)
  TABLESPACE "SYSTEM" ;
--------------------------------------------------------
--  DDL for Index AS_INVESTOR_UK1
--------------------------------------------------------

  CREATE UNIQUE INDEX "SYSTEM"."AS_INVESTOR_UK1" ON "SYSTEM"."AS_INVESTOR" ("FIRST_NAME", "LAST_NAME", "INVESTOR_CONTACT_NUMBER", "INVESTOR_EMAIL") 
  PCTFREE 10 INITRANS 2 MAXTRANS 255 COMPUTE STATISTICS 
  STORAGE(INITIAL 65536 NEXT 1048576 MINEXTENTS 1 MAXEXTENTS 2147483645
  PCTINCREASE 0 FREELISTS 1 FREELIST GROUPS 1 BUFFER_POOL DEFAULT FLASH_CACHE DEFAULT CELL_FLASH_CACHE DEFAULT)
  TABLESPACE "SYSTEM" ;
--------------------------------------------------------
--  DDL for Index LOAN_DETAIL_PK
--------------------------------------------------------

  CREATE UNIQUE INDEX "SYSTEM"."LOAN_DETAIL_PK" ON "SYSTEM"."AS_LOAN_DETAIL" ("LOAN_ID") 
  PCTFREE 10 INITRANS 2 MAXTRANS 255 COMPUTE STATISTICS 
  STORAGE(INITIAL 65536 NEXT 1048576 MINEXTENTS 1 MAXEXTENTS 2147483645
  PCTINCREASE 0 FREELISTS 1 FREELIST GROUPS 1 BUFFER_POOL DEFAULT FLASH_CACHE DEFAULT CELL_FLASH_CACHE DEFAULT)
  TABLESPACE "SYSTEM" ;
--------------------------------------------------------
--  DDL for Index AS_LOAN_MANAGEMENT_PK
--------------------------------------------------------

  CREATE UNIQUE INDEX "SYSTEM"."AS_LOAN_MANAGEMENT_PK" ON "SYSTEM"."AS_LOAN_MANAGEMENT" ("LOAN_MANAGEMENT_ID", "LOAN_ID") 
  PCTFREE 10 INITRANS 2 MAXTRANS 255 COMPUTE STATISTICS 
  STORAGE(INITIAL 65536 NEXT 1048576 MINEXTENTS 1 MAXEXTENTS 2147483645
  PCTINCREASE 0 FREELISTS 1 FREELIST GROUPS 1 BUFFER_POOL DEFAULT FLASH_CACHE DEFAULT CELL_FLASH_CACHE DEFAULT)
  TABLESPACE "SYSTEM" ;
--------------------------------------------------------
--  DDL for Index AS_MER_CUST_TRANSACTION_PK
--------------------------------------------------------

  CREATE UNIQUE INDEX "SYSTEM"."AS_MER_CUST_TRANSACTION_PK" ON "SYSTEM"."AS_MER_CUST_TRANSACTION" ("MERCHANT_ID", "CUSTOMER_ID") 
  PCTFREE 10 INITRANS 2 MAXTRANS 255 COMPUTE STATISTICS 
  STORAGE(INITIAL 65536 NEXT 1048576 MINEXTENTS 1 MAXEXTENTS 2147483645
  PCTINCREASE 0 FREELISTS 1 FREELIST GROUPS 1 BUFFER_POOL DEFAULT FLASH_CACHE DEFAULT CELL_FLASH_CACHE DEFAULT)
  TABLESPACE "SYSTEM" ;
--------------------------------------------------------
--  DDL for Index AS_MERCHANT_PK
--------------------------------------------------------

  CREATE UNIQUE INDEX "SYSTEM"."AS_MERCHANT_PK" ON "SYSTEM"."AS_MERCHANT" ("MERCHANT_ID") 
  PCTFREE 10 INITRANS 2 MAXTRANS 255 COMPUTE STATISTICS 
  STORAGE(INITIAL 65536 NEXT 1048576 MINEXTENTS 1 MAXEXTENTS 2147483645
  PCTINCREASE 0 FREELISTS 1 FREELIST GROUPS 1 BUFFER_POOL DEFAULT FLASH_CACHE DEFAULT CELL_FLASH_CACHE DEFAULT)
  TABLESPACE "SYSTEM" ;
--------------------------------------------------------
--  DDL for Index AS_MERCHANT_ASSET_PK
--------------------------------------------------------

  CREATE UNIQUE INDEX "SYSTEM"."AS_MERCHANT_ASSET_PK" ON "SYSTEM"."AS_MERCHANT_ASSET" ("MERCHANT_ASSET_ID") 
  PCTFREE 10 INITRANS 2 MAXTRANS 255 COMPUTE STATISTICS 
  STORAGE(INITIAL 65536 NEXT 1048576 MINEXTENTS 1 MAXEXTENTS 2147483645
  PCTINCREASE 0 FREELISTS 1 FREELIST GROUPS 1 BUFFER_POOL DEFAULT FLASH_CACHE DEFAULT CELL_FLASH_CACHE DEFAULT)
  TABLESPACE "SYSTEM" ;
--------------------------------------------------------
--  DDL for Index AS_MERCHANT_LIABILITY_PK
--------------------------------------------------------

  CREATE UNIQUE INDEX "SYSTEM"."AS_MERCHANT_LIABILITY_PK" ON "SYSTEM"."AS_MERCHANT_LIABILITY" ("MERCHANT_LIABILITY_ID") 
  PCTFREE 10 INITRANS 2 MAXTRANS 255 COMPUTE STATISTICS 
  STORAGE(INITIAL 65536 NEXT 1048576 MINEXTENTS 1 MAXEXTENTS 2147483645
  PCTINCREASE 0 FREELISTS 1 FREELIST GROUPS 1 BUFFER_POOL DEFAULT FLASH_CACHE DEFAULT CELL_FLASH_CACHE DEFAULT)
  TABLESPACE "SYSTEM" ;
--------------------------------------------------------
--  DDL for Index AS_RISK_ENGINE_PK
--------------------------------------------------------

  CREATE UNIQUE INDEX "SYSTEM"."AS_RISK_ENGINE_PK" ON "SYSTEM"."AS_RISK_ENGINE" ("MERCHANT_RISK_ID") 
  PCTFREE 10 INITRANS 2 MAXTRANS 255 COMPUTE STATISTICS 
  STORAGE(INITIAL 65536 NEXT 1048576 MINEXTENTS 1 MAXEXTENTS 2147483645
  PCTINCREASE 0 FREELISTS 1 FREELIST GROUPS 1 BUFFER_POOL DEFAULT FLASH_CACHE DEFAULT CELL_FLASH_CACHE DEFAULT)
  TABLESPACE "SYSTEM" ;
--------------------------------------------------------
--  DDL for Index AS_RISK_MANAGEMENT_PK
--------------------------------------------------------

  CREATE UNIQUE INDEX "SYSTEM"."AS_RISK_MANAGEMENT_PK" ON "SYSTEM"."AS_RISK_MANAGEMENT" ("MERCHANT_RISK_DETAIL_ID") 
  PCTFREE 10 INITRANS 2 MAXTRANS 255 COMPUTE STATISTICS 
  STORAGE(INITIAL 65536 NEXT 1048576 MINEXTENTS 1 MAXEXTENTS 2147483645
  PCTINCREASE 0 FREELISTS 1 FREELIST GROUPS 1 BUFFER_POOL DEFAULT FLASH_CACHE DEFAULT CELL_FLASH_CACHE DEFAULT)
  TABLESPACE "SYSTEM" ;
--------------------------------------------------------
--  DDL for Index AS_TRANSACTION_PK
--------------------------------------------------------

  CREATE UNIQUE INDEX "SYSTEM"."AS_TRANSACTION_PK" ON "SYSTEM"."AS_TRANSACTION" ("TRANSACTION_ID") 
  PCTFREE 10 INITRANS 2 MAXTRANS 255 COMPUTE STATISTICS 
  STORAGE(INITIAL 65536 NEXT 1048576 MINEXTENTS 1 MAXEXTENTS 2147483645
  PCTINCREASE 0 FREELISTS 1 FREELIST GROUPS 1 BUFFER_POOL DEFAULT FLASH_CACHE DEFAULT CELL_FLASH_CACHE DEFAULT)
  TABLESPACE "SYSTEM" ;
--------------------------------------------------------
--  Constraints for Table AS_ACCOUNT
--------------------------------------------------------

  ALTER TABLE "SYSTEM"."AS_ACCOUNT" ADD CONSTRAINT "AS_ACCOUNT_PK" PRIMARY KEY ("ACCOUNT_ID")
  USING INDEX PCTFREE 10 INITRANS 2 MAXTRANS 255 COMPUTE STATISTICS 
  STORAGE(INITIAL 65536 NEXT 1048576 MINEXTENTS 1 MAXEXTENTS 2147483645
  PCTINCREASE 0 FREELISTS 1 FREELIST GROUPS 1 BUFFER_POOL DEFAULT FLASH_CACHE DEFAULT CELL_FLASH_CACHE DEFAULT)
  TABLESPACE "SYSTEM"  ENABLE;
  ALTER TABLE "SYSTEM"."AS_ACCOUNT" MODIFY ("DATE_CREATED" NOT NULL ENABLE);
  ALTER TABLE "SYSTEM"."AS_ACCOUNT" MODIFY ("DISTRICT_ID" NOT NULL ENABLE);
  ALTER TABLE "SYSTEM"."AS_ACCOUNT" MODIFY ("ACCOUNT_NAME" NOT NULL ENABLE);
  ALTER TABLE "SYSTEM"."AS_ACCOUNT" MODIFY ("ACCOUNT_ID" NOT NULL ENABLE);
  ALTER TABLE "SYSTEM"."AS_ACCOUNT" MODIFY ("ACCOUNT_PASSWORD" NOT NULL ENABLE);
  ALTER TABLE "SYSTEM"."AS_ACCOUNT" ADD CONSTRAINT "AS_ACCOUNT_UK1" UNIQUE ("ACCOUNT_NAME", "ACCOUNT_PASSWORD")
  USING INDEX PCTFREE 10 INITRANS 2 MAXTRANS 255 COMPUTE STATISTICS 
  STORAGE(INITIAL 65536 NEXT 1048576 MINEXTENTS 1 MAXEXTENTS 2147483645
  PCTINCREASE 0 FREELISTS 1 FREELIST GROUPS 1 BUFFER_POOL DEFAULT FLASH_CACHE DEFAULT CELL_FLASH_CACHE DEFAULT)
  TABLESPACE "SYSTEM"  ENABLE;
--------------------------------------------------------
--  Constraints for Table AS_BUSINESS_PRODUCT_OWNER
--------------------------------------------------------

  ALTER TABLE "SYSTEM"."AS_BUSINESS_PRODUCT_OWNER" ADD CONSTRAINT "AS_BUSINESS_PRODUCT_OWNER_UK1" UNIQUE ("BUSINESS_NAME", "BUSINESS_TYPE", "CONTACT_EMAIL", "CURRENT_ADDRESS", "OFFICE_ADDRESS", "CONTACT_NUMBER")
  USING INDEX PCTFREE 10 INITRANS 2 MAXTRANS 255 COMPUTE STATISTICS 
  STORAGE(INITIAL 65536 NEXT 1048576 MINEXTENTS 1 MAXEXTENTS 2147483645
  PCTINCREASE 0 FREELISTS 1 FREELIST GROUPS 1 BUFFER_POOL DEFAULT FLASH_CACHE DEFAULT CELL_FLASH_CACHE DEFAULT)
  TABLESPACE "SYSTEM"  ENABLE;
  ALTER TABLE "SYSTEM"."AS_BUSINESS_PRODUCT_OWNER" MODIFY ("BUSINESS_TYPE" NOT NULL ENABLE);
  ALTER TABLE "SYSTEM"."AS_BUSINESS_PRODUCT_OWNER" MODIFY ("OFFICE_ADDRESS" NOT NULL ENABLE);
  ALTER TABLE "SYSTEM"."AS_BUSINESS_PRODUCT_OWNER" MODIFY ("CURRENT_ADDRESS" NOT NULL ENABLE);
  ALTER TABLE "SYSTEM"."AS_BUSINESS_PRODUCT_OWNER" MODIFY ("CONTACT_EMAIL" NOT NULL ENABLE);
  ALTER TABLE "SYSTEM"."AS_BUSINESS_PRODUCT_OWNER" ADD CONSTRAINT "AS_BUSINESS_PRODUCT_OWNER_PK" PRIMARY KEY ("BUSINESS_ID")
  USING INDEX PCTFREE 10 INITRANS 2 MAXTRANS 255 COMPUTE STATISTICS 
  STORAGE(INITIAL 65536 NEXT 1048576 MINEXTENTS 1 MAXEXTENTS 2147483645
  PCTINCREASE 0 FREELISTS 1 FREELIST GROUPS 1 BUFFER_POOL DEFAULT FLASH_CACHE DEFAULT CELL_FLASH_CACHE DEFAULT)
  TABLESPACE "SYSTEM"  ENABLE;
  ALTER TABLE "SYSTEM"."AS_BUSINESS_PRODUCT_OWNER" MODIFY ("BUSINESS_NAME" NOT NULL ENABLE);
  ALTER TABLE "SYSTEM"."AS_BUSINESS_PRODUCT_OWNER" MODIFY ("BUSINESS_ID" NOT NULL ENABLE);
--------------------------------------------------------
--  Constraints for Table AS_CAPITAL_ENGINE
--------------------------------------------------------

  ALTER TABLE "SYSTEM"."AS_CAPITAL_ENGINE" ADD CONSTRAINT "AS_CAPITAL_ENGINE_PK" PRIMARY KEY ("CE_ID")
  USING INDEX PCTFREE 10 INITRANS 2 MAXTRANS 255 COMPUTE STATISTICS 
  STORAGE(INITIAL 65536 NEXT 1048576 MINEXTENTS 1 MAXEXTENTS 2147483645
  PCTINCREASE 0 FREELISTS 1 FREELIST GROUPS 1 BUFFER_POOL DEFAULT FLASH_CACHE DEFAULT CELL_FLASH_CACHE DEFAULT)
  TABLESPACE "SYSTEM"  ENABLE;
  ALTER TABLE "SYSTEM"."AS_CAPITAL_ENGINE" MODIFY ("PRIORITY" NOT NULL ENABLE);
  ALTER TABLE "SYSTEM"."AS_CAPITAL_ENGINE" MODIFY ("THRESHOLD_AMOUNT" NOT NULL ENABLE);
  ALTER TABLE "SYSTEM"."AS_CAPITAL_ENGINE" MODIFY ("MIN_ROI_RATE" NOT NULL ENABLE);
  ALTER TABLE "SYSTEM"."AS_CAPITAL_ENGINE" MODIFY ("DESCRIPTION" NOT NULL ENABLE);
  ALTER TABLE "SYSTEM"."AS_CAPITAL_ENGINE" MODIFY ("TITLE" NOT NULL ENABLE);
  ALTER TABLE "SYSTEM"."AS_CAPITAL_ENGINE" MODIFY ("CE_ID" NOT NULL ENABLE);
--------------------------------------------------------
--  Constraints for Table AS_CAPITAL_MANAGEMENT
--------------------------------------------------------

  ALTER TABLE "SYSTEM"."AS_CAPITAL_MANAGEMENT" ADD CONSTRAINT "AS_CAPITAL_MANAGEMENT_PK" PRIMARY KEY ("CM_ID")
  USING INDEX PCTFREE 10 INITRANS 2 MAXTRANS 255 COMPUTE STATISTICS 
  STORAGE(INITIAL 65536 NEXT 1048576 MINEXTENTS 1 MAXEXTENTS 2147483645
  PCTINCREASE 0 FREELISTS 1 FREELIST GROUPS 1 BUFFER_POOL DEFAULT FLASH_CACHE DEFAULT CELL_FLASH_CACHE DEFAULT)
  TABLESPACE "SYSTEM"  ENABLE;
  ALTER TABLE "SYSTEM"."AS_CAPITAL_MANAGEMENT" MODIFY ("BUSINESS_ID" NOT NULL ENABLE);
  ALTER TABLE "SYSTEM"."AS_CAPITAL_MANAGEMENT" MODIFY ("CE_ID" NOT NULL ENABLE);
  ALTER TABLE "SYSTEM"."AS_CAPITAL_MANAGEMENT" MODIFY ("ROI" NOT NULL ENABLE);
  ALTER TABLE "SYSTEM"."AS_CAPITAL_MANAGEMENT" MODIFY ("CAPITAL_AMOUNT" NOT NULL ENABLE);
  ALTER TABLE "SYSTEM"."AS_CAPITAL_MANAGEMENT" MODIFY ("SOURCE" NOT NULL ENABLE);
  ALTER TABLE "SYSTEM"."AS_CAPITAL_MANAGEMENT" MODIFY ("CM_ID" NOT NULL ENABLE);
--------------------------------------------------------
--  Constraints for Table AS_CREDIT_RISK_PROVIDER
--------------------------------------------------------

  ALTER TABLE "SYSTEM"."AS_CREDIT_RISK_PROVIDER" ADD CONSTRAINT "AS_CREDIT_RISK_PROVIDER_PK" PRIMARY KEY ("CREDIT_AGENT_ID")
  USING INDEX PCTFREE 10 INITRANS 2 MAXTRANS 255 COMPUTE STATISTICS 
  STORAGE(INITIAL 65536 NEXT 1048576 MINEXTENTS 1 MAXEXTENTS 2147483645
  PCTINCREASE 0 FREELISTS 1 FREELIST GROUPS 1 BUFFER_POOL DEFAULT FLASH_CACHE DEFAULT CELL_FLASH_CACHE DEFAULT)
  TABLESPACE "SYSTEM"  ENABLE;
  ALTER TABLE "SYSTEM"."AS_CREDIT_RISK_PROVIDER" MODIFY ("AGENT_NAME" NOT NULL ENABLE);
  ALTER TABLE "SYSTEM"."AS_CREDIT_RISK_PROVIDER" MODIFY ("CREDIT_AGENT_ID" NOT NULL ENABLE);
--------------------------------------------------------
--  Constraints for Table AS_CUSTOMER
--------------------------------------------------------

  ALTER TABLE "SYSTEM"."AS_CUSTOMER" ADD CONSTRAINT "AS_CUSTOMER_PK" PRIMARY KEY ("CUSTOMER_ID")
  USING INDEX PCTFREE 10 INITRANS 2 MAXTRANS 255 COMPUTE STATISTICS 
  STORAGE(INITIAL 65536 NEXT 1048576 MINEXTENTS 1 MAXEXTENTS 2147483645
  PCTINCREASE 0 FREELISTS 1 FREELIST GROUPS 1 BUFFER_POOL DEFAULT FLASH_CACHE DEFAULT CELL_FLASH_CACHE DEFAULT)
  TABLESPACE "SYSTEM"  ENABLE;
  ALTER TABLE "SYSTEM"."AS_CUSTOMER" MODIFY ("CUST_EMPLOYMENT_ID" NOT NULL ENABLE);
  ALTER TABLE "SYSTEM"."AS_CUSTOMER" MODIFY ("CUST_DOB" NOT NULL ENABLE);
  ALTER TABLE "SYSTEM"."AS_CUSTOMER" MODIFY ("CUST_HOME_ADD" NOT NULL ENABLE);
  ALTER TABLE "SYSTEM"."AS_CUSTOMER" MODIFY ("CUST_CURR_ADD" NOT NULL ENABLE);
  ALTER TABLE "SYSTEM"."AS_CUSTOMER" MODIFY ("CUSTOMER_EMAIL" NOT NULL ENABLE);
  ALTER TABLE "SYSTEM"."AS_CUSTOMER" MODIFY ("CUSTOMER_CONTACT_NUM" NOT NULL ENABLE);
  ALTER TABLE "SYSTEM"."AS_CUSTOMER" MODIFY ("CUSTOMER_LAST_NAME" NOT NULL ENABLE);
  ALTER TABLE "SYSTEM"."AS_CUSTOMER" MODIFY ("CUSTOMER_FIRST_NAME" NOT NULL ENABLE);
  ALTER TABLE "SYSTEM"."AS_CUSTOMER" MODIFY ("CUSTOMER_ID" NOT NULL ENABLE);
--------------------------------------------------------
--  Constraints for Table AS_DISTRICT
--------------------------------------------------------

  ALTER TABLE "SYSTEM"."AS_DISTRICT" ADD CONSTRAINT "AS_DISTRICT_PK" PRIMARY KEY ("DISTRICT_ID")
  USING INDEX PCTFREE 10 INITRANS 2 MAXTRANS 255 COMPUTE STATISTICS 
  STORAGE(INITIAL 65536 NEXT 1048576 MINEXTENTS 1 MAXEXTENTS 2147483645
  PCTINCREASE 0 FREELISTS 1 FREELIST GROUPS 1 BUFFER_POOL DEFAULT FLASH_CACHE DEFAULT CELL_FLASH_CACHE DEFAULT)
  TABLESPACE "SYSTEM"  ENABLE;
  ALTER TABLE "SYSTEM"."AS_DISTRICT" MODIFY ("DISTRICT_ID" NOT NULL ENABLE);
--------------------------------------------------------
--  Constraints for Table AS_DOCUMENT
--------------------------------------------------------

  ALTER TABLE "SYSTEM"."AS_DOCUMENT" ADD CONSTRAINT "AS_DOCUMENT_PK" PRIMARY KEY ("DOCUMENT_CONF_ID")
  USING INDEX PCTFREE 10 INITRANS 2 MAXTRANS 255 COMPUTE STATISTICS 
  STORAGE(INITIAL 65536 NEXT 1048576 MINEXTENTS 1 MAXEXTENTS 2147483645
  PCTINCREASE 0 FREELISTS 1 FREELIST GROUPS 1 BUFFER_POOL DEFAULT FLASH_CACHE DEFAULT CELL_FLASH_CACHE DEFAULT)
  TABLESPACE "SYSTEM"  ENABLE;
  ALTER TABLE "SYSTEM"."AS_DOCUMENT" MODIFY ("DOCUMENT_CONF_ID" NOT NULL ENABLE);
--------------------------------------------------------
--  Constraints for Table AS_EMPLOYMENT_DETAIL
--------------------------------------------------------

  ALTER TABLE "SYSTEM"."AS_EMPLOYMENT_DETAIL" ADD CONSTRAINT "AS_EMPLOYMENT_DETAIL_PK" PRIMARY KEY ("CUST_EMPLOYMENT_ID")
  USING INDEX PCTFREE 10 INITRANS 2 MAXTRANS 255 COMPUTE STATISTICS 
  STORAGE(INITIAL 65536 NEXT 1048576 MINEXTENTS 1 MAXEXTENTS 2147483645
  PCTINCREASE 0 FREELISTS 1 FREELIST GROUPS 1 BUFFER_POOL DEFAULT FLASH_CACHE DEFAULT CELL_FLASH_CACHE DEFAULT)
  TABLESPACE "SYSTEM"  ENABLE;
  ALTER TABLE "SYSTEM"."AS_EMPLOYMENT_DETAIL" MODIFY ("EMPLOYMENT_DESC" NOT NULL ENABLE);
  ALTER TABLE "SYSTEM"."AS_EMPLOYMENT_DETAIL" MODIFY ("TENURE_WITH_CURR_EMPLOYER" NOT NULL ENABLE);
  ALTER TABLE "SYSTEM"."AS_EMPLOYMENT_DETAIL" MODIFY ("EXP_IN_PROFESSION_YEAR" NOT NULL ENABLE);
  ALTER TABLE "SYSTEM"."AS_EMPLOYMENT_DETAIL" MODIFY ("PROFESSION_TYPE" NOT NULL ENABLE);
  ALTER TABLE "SYSTEM"."AS_EMPLOYMENT_DETAIL" MODIFY ("EMPLOYMENT_TYPE" NOT NULL ENABLE);
  ALTER TABLE "SYSTEM"."AS_EMPLOYMENT_DETAIL" MODIFY ("POSTING_DATE" NOT NULL ENABLE);
  ALTER TABLE "SYSTEM"."AS_EMPLOYMENT_DETAIL" MODIFY ("CUST_EMPLOYMENT_ID" NOT NULL ENABLE);
--------------------------------------------------------
--  Constraints for Table AS_FINANCING_ENGINE
--------------------------------------------------------

  ALTER TABLE "SYSTEM"."AS_FINANCING_ENGINE" ADD CONSTRAINT "AS_FINANCING_ENGINE_PK" PRIMARY KEY ("FE_ID")
  USING INDEX PCTFREE 10 INITRANS 2 MAXTRANS 255 COMPUTE STATISTICS 
  STORAGE(INITIAL 65536 NEXT 1048576 MINEXTENTS 1 MAXEXTENTS 2147483645
  PCTINCREASE 0 FREELISTS 1 FREELIST GROUPS 1 BUFFER_POOL DEFAULT FLASH_CACHE DEFAULT CELL_FLASH_CACHE DEFAULT)
  TABLESPACE "SYSTEM"  ENABLE;
  ALTER TABLE "SYSTEM"."AS_FINANCING_ENGINE" MODIFY ("MIN_LRP" NOT NULL ENABLE);
  ALTER TABLE "SYSTEM"."AS_FINANCING_ENGINE" MODIFY ("LOAN_RANGE" NOT NULL ENABLE);
  ALTER TABLE "SYSTEM"."AS_FINANCING_ENGINE" MODIFY ("AWS_RAMGE" NOT NULL ENABLE);
  ALTER TABLE "SYSTEM"."AS_FINANCING_ENGINE" MODIFY ("DESCRIPTION" NOT NULL ENABLE);
  ALTER TABLE "SYSTEM"."AS_FINANCING_ENGINE" MODIFY ("FE_TITLE" NOT NULL ENABLE);
  ALTER TABLE "SYSTEM"."AS_FINANCING_ENGINE" MODIFY ("FE_ID" NOT NULL ENABLE);
--------------------------------------------------------
--  Constraints for Table AS_INVESTMENT
--------------------------------------------------------

  ALTER TABLE "SYSTEM"."AS_INVESTMENT" ADD CONSTRAINT "AS_INVESTMENT_PK" PRIMARY KEY ("BUSINESS_ID", "INVESTOR_ID")
  USING INDEX PCTFREE 10 INITRANS 2 MAXTRANS 255 COMPUTE STATISTICS 
  STORAGE(INITIAL 65536 NEXT 1048576 MINEXTENTS 1 MAXEXTENTS 2147483645
  PCTINCREASE 0 FREELISTS 1 FREELIST GROUPS 1 BUFFER_POOL DEFAULT FLASH_CACHE DEFAULT CELL_FLASH_CACHE DEFAULT)
  TABLESPACE "SYSTEM"  ENABLE;
  ALTER TABLE "SYSTEM"."AS_INVESTMENT" MODIFY ("INVESTED_AMOUNT" NOT NULL ENABLE);
  ALTER TABLE "SYSTEM"."AS_INVESTMENT" MODIFY ("INVESTMENT_DATE" NOT NULL ENABLE);
  ALTER TABLE "SYSTEM"."AS_INVESTMENT" MODIFY ("INVESTOR_ID" NOT NULL ENABLE);
  ALTER TABLE "SYSTEM"."AS_INVESTMENT" MODIFY ("BUSINESS_ID" NOT NULL ENABLE);
--------------------------------------------------------
--  Constraints for Table AS_INVESTOR
--------------------------------------------------------

  ALTER TABLE "SYSTEM"."AS_INVESTOR" ADD CONSTRAINT "AS_INVESTOR_UK1" UNIQUE ("FIRST_NAME", "LAST_NAME", "INVESTOR_CONTACT_NUMBER", "INVESTOR_EMAIL")
  USING INDEX PCTFREE 10 INITRANS 2 MAXTRANS 255 COMPUTE STATISTICS 
  STORAGE(INITIAL 65536 NEXT 1048576 MINEXTENTS 1 MAXEXTENTS 2147483645
  PCTINCREASE 0 FREELISTS 1 FREELIST GROUPS 1 BUFFER_POOL DEFAULT FLASH_CACHE DEFAULT CELL_FLASH_CACHE DEFAULT)
  TABLESPACE "SYSTEM"  ENABLE;
  ALTER TABLE "SYSTEM"."AS_INVESTOR" ADD CONSTRAINT "AS_INVESTOR_PK" PRIMARY KEY ("INVESTOR_ID")
  USING INDEX PCTFREE 10 INITRANS 2 MAXTRANS 255 COMPUTE STATISTICS 
  STORAGE(INITIAL 65536 NEXT 1048576 MINEXTENTS 1 MAXEXTENTS 2147483645
  PCTINCREASE 0 FREELISTS 1 FREELIST GROUPS 1 BUFFER_POOL DEFAULT FLASH_CACHE DEFAULT CELL_FLASH_CACHE DEFAULT)
  TABLESPACE "SYSTEM"  ENABLE;
  ALTER TABLE "SYSTEM"."AS_INVESTOR" MODIFY ("INVESTOR_EMAIL" NOT NULL ENABLE);
  ALTER TABLE "SYSTEM"."AS_INVESTOR" MODIFY ("INVESTOR_CONTACT_NUMBER" NOT NULL ENABLE);
  ALTER TABLE "SYSTEM"."AS_INVESTOR" MODIFY ("LAST_NAME" NOT NULL ENABLE);
  ALTER TABLE "SYSTEM"."AS_INVESTOR" MODIFY ("FIRST_NAME" NOT NULL ENABLE);
  ALTER TABLE "SYSTEM"."AS_INVESTOR" MODIFY ("INVESTOR_ID" NOT NULL ENABLE);
--------------------------------------------------------
--  Constraints for Table AS_LOAN_DETAIL
--------------------------------------------------------

  ALTER TABLE "SYSTEM"."AS_LOAN_DETAIL" ADD CONSTRAINT "LOAN_DETAIL_PK" PRIMARY KEY ("LOAN_ID")
  USING INDEX PCTFREE 10 INITRANS 2 MAXTRANS 255 COMPUTE STATISTICS 
  STORAGE(INITIAL 65536 NEXT 1048576 MINEXTENTS 1 MAXEXTENTS 2147483645
  PCTINCREASE 0 FREELISTS 1 FREELIST GROUPS 1 BUFFER_POOL DEFAULT FLASH_CACHE DEFAULT CELL_FLASH_CACHE DEFAULT)
  TABLESPACE "SYSTEM"  ENABLE;
  ALTER TABLE "SYSTEM"."AS_LOAN_DETAIL" MODIFY ("LOAN_ID" NOT NULL ENABLE);
--------------------------------------------------------
--  Constraints for Table AS_LOAN_MANAGEMENT
--------------------------------------------------------

  ALTER TABLE "SYSTEM"."AS_LOAN_MANAGEMENT" MODIFY ("LOAN_ID" NOT NULL ENABLE);
  ALTER TABLE "SYSTEM"."AS_LOAN_MANAGEMENT" ADD CONSTRAINT "AS_LOAN_MANAGEMENT_PK" PRIMARY KEY ("LOAN_MANAGEMENT_ID", "LOAN_ID")
  USING INDEX PCTFREE 10 INITRANS 2 MAXTRANS 255 COMPUTE STATISTICS 
  STORAGE(INITIAL 65536 NEXT 1048576 MINEXTENTS 1 MAXEXTENTS 2147483645
  PCTINCREASE 0 FREELISTS 1 FREELIST GROUPS 1 BUFFER_POOL DEFAULT FLASH_CACHE DEFAULT CELL_FLASH_CACHE DEFAULT)
  TABLESPACE "SYSTEM"  ENABLE;
  ALTER TABLE "SYSTEM"."AS_LOAN_MANAGEMENT" MODIFY ("DOCUMENT_CONF_ID" NOT NULL ENABLE);
  ALTER TABLE "SYSTEM"."AS_LOAN_MANAGEMENT" MODIFY ("MERCHANT_ID" NOT NULL ENABLE);
  ALTER TABLE "SYSTEM"."AS_LOAN_MANAGEMENT" MODIFY ("MERCHANT_RISK_ID" NOT NULL ENABLE);
  ALTER TABLE "SYSTEM"."AS_LOAN_MANAGEMENT" MODIFY ("FE_ID" NOT NULL ENABLE);
  ALTER TABLE "SYSTEM"."AS_LOAN_MANAGEMENT" MODIFY ("CM_ID" NOT NULL ENABLE);
  ALTER TABLE "SYSTEM"."AS_LOAN_MANAGEMENT" MODIFY ("LOAN_AMOUNT" NOT NULL ENABLE);
  ALTER TABLE "SYSTEM"."AS_LOAN_MANAGEMENT" MODIFY ("RISK_FACTOR" NOT NULL ENABLE);
  ALTER TABLE "SYSTEM"."AS_LOAN_MANAGEMENT" MODIFY ("LOAN_MANAGEMENT_ID" NOT NULL ENABLE);
--------------------------------------------------------
--  Constraints for Table AS_MER_CUST_TRANSACTION
--------------------------------------------------------

  ALTER TABLE "SYSTEM"."AS_MER_CUST_TRANSACTION" ADD CONSTRAINT "AS_MER_CUST_TRANSACTION_PK" PRIMARY KEY ("MERCHANT_ID", "CUSTOMER_ID")
  USING INDEX PCTFREE 10 INITRANS 2 MAXTRANS 255 COMPUTE STATISTICS 
  STORAGE(INITIAL 65536 NEXT 1048576 MINEXTENTS 1 MAXEXTENTS 2147483645
  PCTINCREASE 0 FREELISTS 1 FREELIST GROUPS 1 BUFFER_POOL DEFAULT FLASH_CACHE DEFAULT CELL_FLASH_CACHE DEFAULT)
  TABLESPACE "SYSTEM"  ENABLE;
  ALTER TABLE "SYSTEM"."AS_MER_CUST_TRANSACTION" MODIFY ("AMOUNT" NOT NULL ENABLE);
  ALTER TABLE "SYSTEM"."AS_MER_CUST_TRANSACTION" MODIFY ("PAYMENT_STATIS" NOT NULL ENABLE);
  ALTER TABLE "SYSTEM"."AS_MER_CUST_TRANSACTION" MODIFY ("TRANSACTION_DATE" NOT NULL ENABLE);
  ALTER TABLE "SYSTEM"."AS_MER_CUST_TRANSACTION" MODIFY ("CUSTOMER_ID" NOT NULL ENABLE);
  ALTER TABLE "SYSTEM"."AS_MER_CUST_TRANSACTION" MODIFY ("MERCHANT_ID" NOT NULL ENABLE);
--------------------------------------------------------
--  Constraints for Table AS_MERCHANT
--------------------------------------------------------

  ALTER TABLE "SYSTEM"."AS_MERCHANT" ADD CONSTRAINT "AS_MERCHANT_PK" PRIMARY KEY ("MERCHANT_ID")
  USING INDEX PCTFREE 10 INITRANS 2 MAXTRANS 255 COMPUTE STATISTICS 
  STORAGE(INITIAL 65536 NEXT 1048576 MINEXTENTS 1 MAXEXTENTS 2147483645
  PCTINCREASE 0 FREELISTS 1 FREELIST GROUPS 1 BUFFER_POOL DEFAULT FLASH_CACHE DEFAULT CELL_FLASH_CACHE DEFAULT)
  TABLESPACE "SYSTEM"  ENABLE;
  ALTER TABLE "SYSTEM"."AS_MERCHANT" MODIFY ("AWS" NOT NULL ENABLE);
  ALTER TABLE "SYSTEM"."AS_MERCHANT" MODIFY ("SSM" NOT NULL ENABLE);
  ALTER TABLE "SYSTEM"."AS_MERCHANT" MODIFY ("MERCHANT_NAME" NOT NULL ENABLE);
  ALTER TABLE "SYSTEM"."AS_MERCHANT" MODIFY ("MERCHANT_ID" NOT NULL ENABLE);
--------------------------------------------------------
--  Constraints for Table AS_MERCHANT_ASSET
--------------------------------------------------------

  ALTER TABLE "SYSTEM"."AS_MERCHANT_ASSET" ADD CONSTRAINT "AS_MERCHANT_ASSET_PK" PRIMARY KEY ("MERCHANT_ASSET_ID")
  USING INDEX PCTFREE 10 INITRANS 2 MAXTRANS 255 COMPUTE STATISTICS 
  STORAGE(INITIAL 65536 NEXT 1048576 MINEXTENTS 1 MAXEXTENTS 2147483645
  PCTINCREASE 0 FREELISTS 1 FREELIST GROUPS 1 BUFFER_POOL DEFAULT FLASH_CACHE DEFAULT CELL_FLASH_CACHE DEFAULT)
  TABLESPACE "SYSTEM"  ENABLE;
  ALTER TABLE "SYSTEM"."AS_MERCHANT_ASSET" MODIFY ("POSSESSION_SINCE" NOT NULL ENABLE);
  ALTER TABLE "SYSTEM"."AS_MERCHANT_ASSET" MODIFY ("OWNERSHIP_PERCENTAGE" NOT NULL ENABLE);
  ALTER TABLE "SYSTEM"."AS_MERCHANT_ASSET" MODIFY ("ASSET_VALUE" NOT NULL ENABLE);
  ALTER TABLE "SYSTEM"."AS_MERCHANT_ASSET" MODIFY ("ASSET_TYPE" NOT NULL ENABLE);
  ALTER TABLE "SYSTEM"."AS_MERCHANT_ASSET" MODIFY ("MERCHANT_ID" NOT NULL ENABLE);
  ALTER TABLE "SYSTEM"."AS_MERCHANT_ASSET" MODIFY ("MERCHANT_ASSET_ID" NOT NULL ENABLE);
--------------------------------------------------------
--  Constraints for Table AS_MERCHANT_LIABILITY
--------------------------------------------------------

  ALTER TABLE "SYSTEM"."AS_MERCHANT_LIABILITY" ADD CONSTRAINT "AS_MERCHANT_LIABILITY_PK" PRIMARY KEY ("MERCHANT_LIABILITY_ID")
  USING INDEX PCTFREE 10 INITRANS 2 MAXTRANS 255 COMPUTE STATISTICS 
  STORAGE(INITIAL 65536 NEXT 1048576 MINEXTENTS 1 MAXEXTENTS 2147483645
  PCTINCREASE 0 FREELISTS 1 FREELIST GROUPS 1 BUFFER_POOL DEFAULT FLASH_CACHE DEFAULT CELL_FLASH_CACHE DEFAULT)
  TABLESPACE "SYSTEM"  ENABLE;
  ALTER TABLE "SYSTEM"."AS_MERCHANT_LIABILITY" MODIFY ("VALID_TO" NOT NULL ENABLE);
  ALTER TABLE "SYSTEM"."AS_MERCHANT_LIABILITY" MODIFY ("VALID_FROM" NOT NULL ENABLE);
  ALTER TABLE "SYSTEM"."AS_MERCHANT_LIABILITY" MODIFY ("LOAN_DATE" NOT NULL ENABLE);
  ALTER TABLE "SYSTEM"."AS_MERCHANT_LIABILITY" MODIFY ("LIABILITY_TYPE" NOT NULL ENABLE);
  ALTER TABLE "SYSTEM"."AS_MERCHANT_LIABILITY" MODIFY ("LIABILITY_OUTSTANDING" NOT NULL ENABLE);
  ALTER TABLE "SYSTEM"."AS_MERCHANT_LIABILITY" MODIFY ("MERCHANT_ID" NOT NULL ENABLE);
  ALTER TABLE "SYSTEM"."AS_MERCHANT_LIABILITY" MODIFY ("MERCHANT_LIABILITY_ID" NOT NULL ENABLE);
--------------------------------------------------------
--  Constraints for Table AS_RISK_ENGINE
--------------------------------------------------------

  ALTER TABLE "SYSTEM"."AS_RISK_ENGINE" ADD CONSTRAINT "AS_RISK_ENGINE_PK" PRIMARY KEY ("MERCHANT_RISK_ID")
  USING INDEX PCTFREE 10 INITRANS 2 MAXTRANS 255 COMPUTE STATISTICS 
  STORAGE(INITIAL 65536 NEXT 1048576 MINEXTENTS 1 MAXEXTENTS 2147483645
  PCTINCREASE 0 FREELISTS 1 FREELIST GROUPS 1 BUFFER_POOL DEFAULT FLASH_CACHE DEFAULT CELL_FLASH_CACHE DEFAULT)
  TABLESPACE "SYSTEM"  ENABLE;
  ALTER TABLE "SYSTEM"."AS_RISK_ENGINE" MODIFY ("VALID_TO" NOT NULL ENABLE);
  ALTER TABLE "SYSTEM"."AS_RISK_ENGINE" MODIFY ("VALID_FROM" NOT NULL ENABLE);
  ALTER TABLE "SYSTEM"."AS_RISK_ENGINE" MODIFY ("TOTAL_LOAN_WEIGHTAGE" NOT NULL ENABLE);
  ALTER TABLE "SYSTEM"."AS_RISK_ENGINE" MODIFY ("TOTAL_RISK_WEIGHTAGE" NOT NULL ENABLE);
  ALTER TABLE "SYSTEM"."AS_RISK_ENGINE" MODIFY ("MAX_LIGITATION_FACTOR" NOT NULL ENABLE);
  ALTER TABLE "SYSTEM"."AS_RISK_ENGINE" MODIFY ("MIN_LIGITATION_FACTOR" NOT NULL ENABLE);
  ALTER TABLE "SYSTEM"."AS_RISK_ENGINE" MODIFY ("LIGITATION_FACTOR" NOT NULL ENABLE);
  ALTER TABLE "SYSTEM"."AS_RISK_ENGINE" MODIFY ("MAX_LOAN_RATE" NOT NULL ENABLE);
  ALTER TABLE "SYSTEM"."AS_RISK_ENGINE" MODIFY ("MIN_LOAN_RATE" NOT NULL ENABLE);
  ALTER TABLE "SYSTEM"."AS_RISK_ENGINE" MODIFY ("MAX_CREDIT_FACTOR" NOT NULL ENABLE);
  ALTER TABLE "SYSTEM"."AS_RISK_ENGINE" MODIFY ("MIN_CREDIT_FACTOR" NOT NULL ENABLE);
  ALTER TABLE "SYSTEM"."AS_RISK_ENGINE" MODIFY ("CREDIT_WEIGHTAGE" NOT NULL ENABLE);
  ALTER TABLE "SYSTEM"."AS_RISK_ENGINE" MODIFY ("MERCHANT_RISK_ID" NOT NULL ENABLE);
--------------------------------------------------------
--  Constraints for Table AS_RISK_MANAGEMENT
--------------------------------------------------------

  ALTER TABLE "SYSTEM"."AS_RISK_MANAGEMENT" ADD CONSTRAINT "AS_RISK_MANAGEMENT_PK" PRIMARY KEY ("MERCHANT_RISK_DETAIL_ID")
  USING INDEX PCTFREE 10 INITRANS 2 MAXTRANS 255 COMPUTE STATISTICS 
  STORAGE(INITIAL 65536 NEXT 1048576 MINEXTENTS 1 MAXEXTENTS 2147483645
  PCTINCREASE 0 FREELISTS 1 FREELIST GROUPS 1 BUFFER_POOL DEFAULT FLASH_CACHE DEFAULT CELL_FLASH_CACHE DEFAULT)
  TABLESPACE "SYSTEM"  ENABLE;
  ALTER TABLE "SYSTEM"."AS_RISK_MANAGEMENT" MODIFY ("MERCHANT_RISK_ID" NOT NULL ENABLE);
  ALTER TABLE "SYSTEM"."AS_RISK_MANAGEMENT" MODIFY ("CREDIT_AGENT_ID" NOT NULL ENABLE);
  ALTER TABLE "SYSTEM"."AS_RISK_MANAGEMENT" MODIFY ("MERCHANT_ID" NOT NULL ENABLE);
  ALTER TABLE "SYSTEM"."AS_RISK_MANAGEMENT" MODIFY ("INVOICE_PAYMENT_PERFORMANCE" NOT NULL ENABLE);
  ALTER TABLE "SYSTEM"."AS_RISK_MANAGEMENT" MODIFY ("TR" NOT NULL ENABLE);
  ALTER TABLE "SYSTEM"."AS_RISK_MANAGEMENT" MODIFY ("AMLA" NOT NULL ENABLE);
  ALTER TABLE "SYSTEM"."AS_RISK_MANAGEMENT" MODIFY ("CASES_HISTORY" NOT NULL ENABLE);
  ALTER TABLE "SYSTEM"."AS_RISK_MANAGEMENT" MODIFY ("PENDING_CASES" NOT NULL ENABLE);
  ALTER TABLE "SYSTEM"."AS_RISK_MANAGEMENT" MODIFY ("LGL" NOT NULL ENABLE);
  ALTER TABLE "SYSTEM"."AS_RISK_MANAGEMENT" MODIFY ("OFFICE_ADDRESS" NOT NULL ENABLE);
  ALTER TABLE "SYSTEM"."AS_RISK_MANAGEMENT" MODIFY ("BUSINESS" NOT NULL ENABLE);
  ALTER TABLE "SYSTEM"."AS_RISK_MANAGEMENT" MODIFY ("FINANCIAL_ANNUM_REPORT" NOT NULL ENABLE);
  ALTER TABLE "SYSTEM"."AS_RISK_MANAGEMENT" MODIFY ("SHAREHOLDERS" NOT NULL ENABLE);
  ALTER TABLE "SYSTEM"."AS_RISK_MANAGEMENT" MODIFY ("BOARD_OF_DIRECTOR" NOT NULL ENABLE);
  ALTER TABLE "SYSTEM"."AS_RISK_MANAGEMENT" MODIFY ("SSM" NOT NULL ENABLE);
  ALTER TABLE "SYSTEM"."AS_RISK_MANAGEMENT" MODIFY ("BOUNDED_CHECK" NOT NULL ENABLE);
  ALTER TABLE "SYSTEM"."AS_RISK_MANAGEMENT" MODIFY ("CCRIS" NOT NULL ENABLE);
  ALTER TABLE "SYSTEM"."AS_RISK_MANAGEMENT" MODIFY ("CREDIT_APP_HISTORY" NOT NULL ENABLE);
  ALTER TABLE "SYSTEM"."AS_RISK_MANAGEMENT" MODIFY ("FINANCE_INDICATOR_ID" NOT NULL ENABLE);
  ALTER TABLE "SYSTEM"."AS_RISK_MANAGEMENT" MODIFY ("COMPANY_REG_NO" NOT NULL ENABLE);
  ALTER TABLE "SYSTEM"."AS_RISK_MANAGEMENT" MODIFY ("LIGITATION_INDEX_SCORE" NOT NULL ENABLE);
  ALTER TABLE "SYSTEM"."AS_RISK_MANAGEMENT" MODIFY ("MAX_SUGGESTED_ENTITLEMENT" NOT NULL ENABLE);
  ALTER TABLE "SYSTEM"."AS_RISK_MANAGEMENT" MODIFY ("MIN_SUGGESTED_ENTITLEMENT" NOT NULL ENABLE);
  ALTER TABLE "SYSTEM"."AS_RISK_MANAGEMENT" MODIFY ("KYC_SCORE" NOT NULL ENABLE);
  ALTER TABLE "SYSTEM"."AS_RISK_MANAGEMENT" MODIFY ("CREDIT_SCORE" NOT NULL ENABLE);
  ALTER TABLE "SYSTEM"."AS_RISK_MANAGEMENT" MODIFY ("MERCHANT_RISK_DETAIL_ID" NOT NULL ENABLE);
--------------------------------------------------------
--  Constraints for Table AS_TRANSACTION
--------------------------------------------------------

  ALTER TABLE "SYSTEM"."AS_TRANSACTION" MODIFY ("ACCOUNT_ID" NOT NULL ENABLE);
  ALTER TABLE "SYSTEM"."AS_TRANSACTION" ADD CONSTRAINT "AS_TRANSACTION_PK" PRIMARY KEY ("TRANSACTION_ID")
  USING INDEX PCTFREE 10 INITRANS 2 MAXTRANS 255 COMPUTE STATISTICS 
  STORAGE(INITIAL 65536 NEXT 1048576 MINEXTENTS 1 MAXEXTENTS 2147483645
  PCTINCREASE 0 FREELISTS 1 FREELIST GROUPS 1 BUFFER_POOL DEFAULT FLASH_CACHE DEFAULT CELL_FLASH_CACHE DEFAULT)
  TABLESPACE "SYSTEM"  ENABLE;
  ALTER TABLE "SYSTEM"."AS_TRANSACTION" MODIFY ("BUSINESS_ID" NOT NULL ENABLE);
  ALTER TABLE "SYSTEM"."AS_TRANSACTION" MODIFY ("AMMOUNT" NOT NULL ENABLE);
  ALTER TABLE "SYSTEM"."AS_TRANSACTION" MODIFY ("TRANS_TYPE" NOT NULL ENABLE);
  ALTER TABLE "SYSTEM"."AS_TRANSACTION" MODIFY ("TRANS_DATE" NOT NULL ENABLE);
  ALTER TABLE "SYSTEM"."AS_TRANSACTION" MODIFY ("TRANSACTION_ID" NOT NULL ENABLE);
--------------------------------------------------------
--  Ref Constraints for Table AS_ACCOUNT
--------------------------------------------------------

  ALTER TABLE "SYSTEM"."AS_ACCOUNT" ADD CONSTRAINT "CUSTOMER_FK2" FOREIGN KEY ("CUSTOMER_ID")
	  REFERENCES "SYSTEM"."AS_CUSTOMER" ("CUSTOMER_ID") ENABLE;
  ALTER TABLE "SYSTEM"."AS_ACCOUNT" ADD CONSTRAINT "DISTRICT_FK1" FOREIGN KEY ("DISTRICT_ID")
	  REFERENCES "SYSTEM"."AS_DISTRICT" ("DISTRICT_ID") ENABLE;
  ALTER TABLE "SYSTEM"."AS_ACCOUNT" ADD CONSTRAINT "MERCHANT_FK6" FOREIGN KEY ("MERCHANT_ID")
	  REFERENCES "SYSTEM"."AS_MERCHANT" ("MERCHANT_ID") ENABLE;
--------------------------------------------------------
--  Ref Constraints for Table AS_CAPITAL_MANAGEMENT
--------------------------------------------------------

  ALTER TABLE "SYSTEM"."AS_CAPITAL_MANAGEMENT" ADD CONSTRAINT "CE_ID_FK1" FOREIGN KEY ("CE_ID")
	  REFERENCES "SYSTEM"."AS_CAPITAL_ENGINE" ("CE_ID") ON DELETE CASCADE ENABLE;
  ALTER TABLE "SYSTEM"."AS_CAPITAL_MANAGEMENT" ADD CONSTRAINT "CM_BUSINESS_ID_FK1" FOREIGN KEY ("BUSINESS_ID")
	  REFERENCES "SYSTEM"."AS_BUSINESS_PRODUCT_OWNER" ("BUSINESS_ID") ON DELETE CASCADE ENABLE;
--------------------------------------------------------
--  Ref Constraints for Table AS_CUSTOMER
--------------------------------------------------------

  ALTER TABLE "SYSTEM"."AS_CUSTOMER" ADD CONSTRAINT "EMPLOYMENT_FK1" FOREIGN KEY ("CUST_EMPLOYMENT_ID")
	  REFERENCES "SYSTEM"."AS_EMPLOYMENT_DETAIL" ("CUST_EMPLOYMENT_ID") ENABLE;
--------------------------------------------------------
--  Ref Constraints for Table AS_INVESTMENT
--------------------------------------------------------

  ALTER TABLE "SYSTEM"."AS_INVESTMENT" ADD CONSTRAINT "BUSINESS_ID_FK1" FOREIGN KEY ("BUSINESS_ID")
	  REFERENCES "SYSTEM"."AS_BUSINESS_PRODUCT_OWNER" ("BUSINESS_ID") ON DELETE CASCADE ENABLE;
  ALTER TABLE "SYSTEM"."AS_INVESTMENT" ADD CONSTRAINT "INVESTOR_ID_FK1" FOREIGN KEY ("INVESTOR_ID")
	  REFERENCES "SYSTEM"."AS_INVESTOR" ("INVESTOR_ID") ON DELETE CASCADE ENABLE;
--------------------------------------------------------
--  Ref Constraints for Table AS_LOAN_MANAGEMENT
--------------------------------------------------------

  ALTER TABLE "SYSTEM"."AS_LOAN_MANAGEMENT" ADD CONSTRAINT "CM_FK2" FOREIGN KEY ("CM_ID")
	  REFERENCES "SYSTEM"."AS_CAPITAL_MANAGEMENT" ("CM_ID") ENABLE;
  ALTER TABLE "SYSTEM"."AS_LOAN_MANAGEMENT" ADD CONSTRAINT "DOCUMENT_FK1" FOREIGN KEY ("DOCUMENT_CONF_ID")
	  REFERENCES "SYSTEM"."AS_DOCUMENT" ("DOCUMENT_CONF_ID") ENABLE;
  ALTER TABLE "SYSTEM"."AS_LOAN_MANAGEMENT" ADD CONSTRAINT "FE_FK2" FOREIGN KEY ("FE_ID")
	  REFERENCES "SYSTEM"."AS_FINANCING_ENGINE" ("FE_ID") ENABLE;
  ALTER TABLE "SYSTEM"."AS_LOAN_MANAGEMENT" ADD CONSTRAINT "LOAN_DETAIL" FOREIGN KEY ("LOAN_ID")
	  REFERENCES "SYSTEM"."AS_LOAN_DETAIL" ("LOAN_ID") ENABLE;
  ALTER TABLE "SYSTEM"."AS_LOAN_MANAGEMENT" ADD CONSTRAINT "MERCHANT_ID_FK1" FOREIGN KEY ("MERCHANT_ID")
	  REFERENCES "SYSTEM"."AS_MERCHANT" ("MERCHANT_ID") ENABLE;
  ALTER TABLE "SYSTEM"."AS_LOAN_MANAGEMENT" ADD CONSTRAINT "MERCHANT_RISK_FK2" FOREIGN KEY ("MERCHANT_RISK_ID")
	  REFERENCES "SYSTEM"."AS_RISK_ENGINE" ("MERCHANT_RISK_ID") ENABLE;
--------------------------------------------------------
--  Ref Constraints for Table AS_MER_CUST_TRANSACTION
--------------------------------------------------------

  ALTER TABLE "SYSTEM"."AS_MER_CUST_TRANSACTION" ADD CONSTRAINT "CUSTOMER_FK1" FOREIGN KEY ("CUSTOMER_ID")
	  REFERENCES "SYSTEM"."AS_CUSTOMER" ("CUSTOMER_ID") ENABLE;
  ALTER TABLE "SYSTEM"."AS_MER_CUST_TRANSACTION" ADD CONSTRAINT "MERCHANT_FK5" FOREIGN KEY ("MERCHANT_ID")
	  REFERENCES "SYSTEM"."AS_MERCHANT" ("MERCHANT_ID") ENABLE;
--------------------------------------------------------
--  Ref Constraints for Table AS_MERCHANT_ASSET
--------------------------------------------------------

  ALTER TABLE "SYSTEM"."AS_MERCHANT_ASSET" ADD CONSTRAINT "ASSET_MERCHANT_FK4" FOREIGN KEY ("MERCHANT_ID")
	  REFERENCES "SYSTEM"."AS_MERCHANT" ("MERCHANT_ID") ENABLE;
--------------------------------------------------------
--  Ref Constraints for Table AS_MERCHANT_LIABILITY
--------------------------------------------------------

  ALTER TABLE "SYSTEM"."AS_MERCHANT_LIABILITY" ADD CONSTRAINT "MERCHANT_ID_FK3" FOREIGN KEY ("MERCHANT_ID")
	  REFERENCES "SYSTEM"."AS_MERCHANT" ("MERCHANT_ID") ENABLE;
--------------------------------------------------------
--  Ref Constraints for Table AS_RISK_MANAGEMENT
--------------------------------------------------------

  ALTER TABLE "SYSTEM"."AS_RISK_MANAGEMENT" ADD CONSTRAINT "AGENT_FK" FOREIGN KEY ("CREDIT_AGENT_ID")
	  REFERENCES "SYSTEM"."AS_CREDIT_RISK_PROVIDER" ("CREDIT_AGENT_ID") ENABLE;
  ALTER TABLE "SYSTEM"."AS_RISK_MANAGEMENT" ADD CONSTRAINT "MERCHANT_RISK_ID_FK1" FOREIGN KEY ("MERCHANT_RISK_ID")
	  REFERENCES "SYSTEM"."AS_RISK_ENGINE" ("MERCHANT_RISK_ID") ON DELETE CASCADE ENABLE;
  ALTER TABLE "SYSTEM"."AS_RISK_MANAGEMENT" ADD CONSTRAINT "RM_MERCHANT_ID_FK1" FOREIGN KEY ("MERCHANT_ID")
	  REFERENCES "SYSTEM"."AS_MERCHANT" ("MERCHANT_ID") ON DELETE CASCADE ENABLE;
--------------------------------------------------------
--  Ref Constraints for Table AS_TRANSACTION
--------------------------------------------------------

  ALTER TABLE "SYSTEM"."AS_TRANSACTION" ADD CONSTRAINT "ACCOUNT_FK1" FOREIGN KEY ("ACCOUNT_ID")
	  REFERENCES "SYSTEM"."AS_ACCOUNT" ("ACCOUNT_ID") ENABLE;
  ALTER TABLE "SYSTEM"."AS_TRANSACTION" ADD CONSTRAINT "BUSINESS_ID_FK" FOREIGN KEY ("BUSINESS_ID")
	  REFERENCES "SYSTEM"."AS_BUSINESS_PRODUCT_OWNER" ("BUSINESS_ID") ENABLE;
