--------------------------------------------------------
--  File created - Friday-December-30-2022   
--------------------------------------------------------
--------------------------------------------------------
--  DDL for Table AS_MERCHANT_ASSET
--------------------------------------------------------

  CREATE TABLE "SYSTEM"."AS_MERCHANT_ASSET" 
   (	"MERCHANT_ASSET_ID" NUMBER, 
	"MERCHANT_ID" NUMBER, 
	"ASSET_TYPE" VARCHAR2(20 BYTE), 
	"ASSET_VALUE" NUMBER, 
	"OWNERSHIP_PERCENTAGE" FLOAT(126), 
	"POSSESSION_SINCE" DATE
   ) PCTFREE 10 PCTUSED 40 INITRANS 1 MAXTRANS 255 NOCOMPRESS LOGGING
  STORAGE(INITIAL 65536 NEXT 1048576 MINEXTENTS 1 MAXEXTENTS 2147483645
  PCTINCREASE 0 FREELISTS 1 FREELIST GROUPS 1 BUFFER_POOL DEFAULT FLASH_CACHE DEFAULT CELL_FLASH_CACHE DEFAULT)
  TABLESPACE "SYSTEM" ;
--------------------------------------------------------
--  DDL for Table AS_RISK_MANAGEMENT
--------------------------------------------------------

  CREATE TABLE "SYSTEM"."AS_RISK_MANAGEMENT" 
   (	"MERCHANT_RISK_DETAIL_ID" NUMBER, 
	"CREDIT_SCORE" NUMBER, 
	"KYC_SCORE" NUMBER, 
	"MIN_SUGGESTED_ENTITLEMENT" NUMBER, 
	"MAX_SUGGESTED_ENTITLEMENT" NUMBER, 
	"LIGITATION_INDEX_SCORE" NUMBER, 
	"COMPANY_REG_NO" NUMBER, 
	"FINANCE_INDICATOR_ID" VARCHAR2(20 BYTE), 
	"CREDIT_APP_HISTORY" VARCHAR2(20 BYTE), 
	"CCRIS" VARCHAR2(20 BYTE), 
	"BOUNDED_CHECK" VARCHAR2(20 BYTE), 
	"SSM" VARCHAR2(20 BYTE), 
	"BOARD_OF_DIRECTOR" VARCHAR2(200 BYTE), 
	"SHAREHOLDERS" VARCHAR2(200 BYTE), 
	"FINANCIAL_ANNUM_REPORT" VARCHAR2(20 BYTE), 
	"BUSINESS" VARCHAR2(20 BYTE), 
	"OFFICE_ADDRESS" VARCHAR2(30 BYTE), 
	"LGL" VARCHAR2(20 BYTE), 
	"PENDING_CASES" VARCHAR2(200 BYTE), 
	"CASES_HISTORY" VARCHAR2(200 BYTE), 
	"AMLA" VARCHAR2(20 BYTE), 
	"TR" VARCHAR2(200 BYTE), 
	"INVOICE_PAYMENT_PERFORMANCE" NUMBER, 
	"MERCHANT_ID" NUMBER, 
	"CREDIT_AGENT_ID" NUMBER, 
	"AGENT_NAME" VARCHAR2(20 BYTE), 
	"MERCHANT_RISK_ID" NUMBER
   ) PCTFREE 10 PCTUSED 40 INITRANS 1 MAXTRANS 255 NOCOMPRESS LOGGING
  STORAGE(INITIAL 65536 NEXT 1048576 MINEXTENTS 1 MAXEXTENTS 2147483645
  PCTINCREASE 0 FREELISTS 1 FREELIST GROUPS 1 BUFFER_POOL DEFAULT FLASH_CACHE DEFAULT CELL_FLASH_CACHE DEFAULT)
  TABLESPACE "SYSTEM" ;
--------------------------------------------------------
--  DDL for Table AS_MERCHANT_LIABILITY
--------------------------------------------------------

  CREATE TABLE "SYSTEM"."AS_MERCHANT_LIABILITY" 
   (	"MERCHANT_LIABILITY_ID" NUMBER, 
	"MERCHANT_ID" NUMBER, 
	"LIABILITY_OUTSTANDING" NUMBER, 
	"LIABILITY_TYPE" VARCHAR2(20 BYTE), 
	"LOAN_DATE" DATE, 
	"VALID_FROM" DATE, 
	"VALID_TO" DATE
   ) PCTFREE 10 PCTUSED 40 INITRANS 1 MAXTRANS 255 NOCOMPRESS LOGGING
  STORAGE(INITIAL 65536 NEXT 1048576 MINEXTENTS 1 MAXEXTENTS 2147483645
  PCTINCREASE 0 FREELISTS 1 FREELIST GROUPS 1 BUFFER_POOL DEFAULT FLASH_CACHE DEFAULT CELL_FLASH_CACHE DEFAULT)
  TABLESPACE "SYSTEM" ;
--------------------------------------------------------
--  DDL for Table AS_MERCHANT
--------------------------------------------------------

  CREATE TABLE "SYSTEM"."AS_MERCHANT" 
   (	"MERCHANT_ID" NUMBER, 
	"MERCHANT_NAME" VARCHAR2(20 BYTE), 
	"SSM" VARCHAR2(20 BYTE), 
	"AWS" VARCHAR2(20 BYTE), 
	"MERCHANT_EMAIL" VARCHAR2(200 BYTE)
   ) PCTFREE 10 PCTUSED 40 INITRANS 1 MAXTRANS 255 NOCOMPRESS LOGGING
  STORAGE(INITIAL 65536 NEXT 1048576 MINEXTENTS 1 MAXEXTENTS 2147483645
  PCTINCREASE 0 FREELISTS 1 FREELIST GROUPS 1 BUFFER_POOL DEFAULT FLASH_CACHE DEFAULT CELL_FLASH_CACHE DEFAULT)
  TABLESPACE "SYSTEM" ;

   COMMENT ON COLUMN "SYSTEM"."AS_MERCHANT"."AWS" IS 'AVERAGE WEEKLY SALES';
REM INSERTING into SYSTEM.AS_MERCHANT_ASSET
SET DEFINE OFF;
Insert into SYSTEM.AS_MERCHANT_ASSET (MERCHANT_ASSET_ID,MERCHANT_ID,ASSET_TYPE,ASSET_VALUE,OWNERSHIP_PERCENTAGE,POSSESSION_SINCE) values (1,2,'Tangible',1000000,90,to_date('11-JAN-20','DD-MON-RR'));
Insert into SYSTEM.AS_MERCHANT_ASSET (MERCHANT_ASSET_ID,MERCHANT_ID,ASSET_TYPE,ASSET_VALUE,OWNERSHIP_PERCENTAGE,POSSESSION_SINCE) values (2,7,'Tangible',2000000,100,to_date('11-FEB-20','DD-MON-RR'));
Insert into SYSTEM.AS_MERCHANT_ASSET (MERCHANT_ASSET_ID,MERCHANT_ID,ASSET_TYPE,ASSET_VALUE,OWNERSHIP_PERCENTAGE,POSSESSION_SINCE) values (3,5,'Tangible',1200000,100,to_date('11-MAR-20','DD-MON-RR'));
Insert into SYSTEM.AS_MERCHANT_ASSET (MERCHANT_ASSET_ID,MERCHANT_ID,ASSET_TYPE,ASSET_VALUE,OWNERSHIP_PERCENTAGE,POSSESSION_SINCE) values (4,1,'Tangible',1500000,100,to_date('11-APR-20','DD-MON-RR'));
Insert into SYSTEM.AS_MERCHANT_ASSET (MERCHANT_ASSET_ID,MERCHANT_ID,ASSET_TYPE,ASSET_VALUE,OWNERSHIP_PERCENTAGE,POSSESSION_SINCE) values (5,4,'Tangible',1900000,90,to_date('11-MAY-20','DD-MON-RR'));
Insert into SYSTEM.AS_MERCHANT_ASSET (MERCHANT_ASSET_ID,MERCHANT_ID,ASSET_TYPE,ASSET_VALUE,OWNERSHIP_PERCENTAGE,POSSESSION_SINCE) values (6,6,'Tangible',2600000,100,to_date('11-JUN-20','DD-MON-RR'));
Insert into SYSTEM.AS_MERCHANT_ASSET (MERCHANT_ASSET_ID,MERCHANT_ID,ASSET_TYPE,ASSET_VALUE,OWNERSHIP_PERCENTAGE,POSSESSION_SINCE) values (7,3,'Intangible',2200000,90,to_date('11-JUL-20','DD-MON-RR'));
Insert into SYSTEM.AS_MERCHANT_ASSET (MERCHANT_ASSET_ID,MERCHANT_ID,ASSET_TYPE,ASSET_VALUE,OWNERSHIP_PERCENTAGE,POSSESSION_SINCE) values (8,8,'Intangible',1400000,100,to_date('11-AUG-20','DD-MON-RR'));
REM INSERTING into SYSTEM.AS_RISK_MANAGEMENT
SET DEFINE OFF;
Insert into SYSTEM.AS_RISK_MANAGEMENT (MERCHANT_RISK_DETAIL_ID,CREDIT_SCORE,KYC_SCORE,MIN_SUGGESTED_ENTITLEMENT,MAX_SUGGESTED_ENTITLEMENT,LIGITATION_INDEX_SCORE,COMPANY_REG_NO,FINANCE_INDICATOR_ID,CREDIT_APP_HISTORY,CCRIS,BOUNDED_CHECK,SSM,BOARD_OF_DIRECTOR,SHAREHOLDERS,FINANCIAL_ANNUM_REPORT,BUSINESS,OFFICE_ADDRESS,LGL,PENDING_CASES,CASES_HISTORY,AMLA,TR,INVOICE_PAYMENT_PERFORMANCE,MERCHANT_ID,CREDIT_AGENT_ID,AGENT_NAME,MERCHANT_RISK_ID) values (1,9,9,2000,6000,1,1,'A1','Good','Good','None','1234567-A','Ian','Muthu','Good','Educational','1,30000,Ipoh,Perak','Legal','None','None','None','Good',100,1,1,'Putri',8);
Insert into SYSTEM.AS_RISK_MANAGEMENT (MERCHANT_RISK_DETAIL_ID,CREDIT_SCORE,KYC_SCORE,MIN_SUGGESTED_ENTITLEMENT,MAX_SUGGESTED_ENTITLEMENT,LIGITATION_INDEX_SCORE,COMPANY_REG_NO,FINANCE_INDICATOR_ID,CREDIT_APP_HISTORY,CCRIS,BOUNDED_CHECK,SSM,BOARD_OF_DIRECTOR,SHAREHOLDERS,FINANCIAL_ANNUM_REPORT,BUSINESS,OFFICE_ADDRESS,LGL,PENDING_CASES,CASES_HISTORY,AMLA,TR,INVOICE_PAYMENT_PERFORMANCE,MERCHANT_ID,CREDIT_AGENT_ID,AGENT_NAME,MERCHANT_RISK_ID) values (2,8,9,2000,6000,1,2,'A2','Good','Good','None','1146309-A','Eric','Alex','Good','Pet','2,01000,Kangar,Perlis','Legal','None','None','None','Good',100,2,2,'Jonathan',1);
Insert into SYSTEM.AS_RISK_MANAGEMENT (MERCHANT_RISK_DETAIL_ID,CREDIT_SCORE,KYC_SCORE,MIN_SUGGESTED_ENTITLEMENT,MAX_SUGGESTED_ENTITLEMENT,LIGITATION_INDEX_SCORE,COMPANY_REG_NO,FINANCE_INDICATOR_ID,CREDIT_APP_HISTORY,CCRIS,BOUNDED_CHECK,SSM,BOARD_OF_DIRECTOR,SHAREHOLDERS,FINANCIAL_ANNUM_REPORT,BUSINESS,OFFICE_ADDRESS,LGL,PENDING_CASES,CASES_HISTORY,AMLA,TR,INVOICE_PAYMENT_PERFORMANCE,MERCHANT_ID,CREDIT_AGENT_ID,AGENT_NAME,MERCHANT_RISK_ID) values (3,8,8,3000,7000,1,3,'A3','Good','Good','None','1051824-A','Adeline','Alicia','Good','Clothing','3,09000,Kulim,Kedah','Legal','None','None','None','Good',100,3,3,'Jenny',2);
Insert into SYSTEM.AS_RISK_MANAGEMENT (MERCHANT_RISK_DETAIL_ID,CREDIT_SCORE,KYC_SCORE,MIN_SUGGESTED_ENTITLEMENT,MAX_SUGGESTED_ENTITLEMENT,LIGITATION_INDEX_SCORE,COMPANY_REG_NO,FINANCE_INDICATOR_ID,CREDIT_APP_HISTORY,CCRIS,BOUNDED_CHECK,SSM,BOARD_OF_DIRECTOR,SHAREHOLDERS,FINANCIAL_ANNUM_REPORT,BUSINESS,OFFICE_ADDRESS,LGL,PENDING_CASES,CASES_HISTORY,AMLA,TR,INVOICE_PAYMENT_PERFORMANCE,MERCHANT_ID,CREDIT_AGENT_ID,AGENT_NAME,MERCHANT_RISK_ID) values (4,9,9,3000,7000,1,4,'A4','Good','Good','None','1314401-A','Jason','John','Good','Retail','4,89300,Ranau,Sabah','Legal','None','None','None','Good',100,4,4,'Ahmad',3);
Insert into SYSTEM.AS_RISK_MANAGEMENT (MERCHANT_RISK_DETAIL_ID,CREDIT_SCORE,KYC_SCORE,MIN_SUGGESTED_ENTITLEMENT,MAX_SUGGESTED_ENTITLEMENT,LIGITATION_INDEX_SCORE,COMPANY_REG_NO,FINANCE_INDICATOR_ID,CREDIT_APP_HISTORY,CCRIS,BOUNDED_CHECK,SSM,BOARD_OF_DIRECTOR,SHAREHOLDERS,FINANCIAL_ANNUM_REPORT,BUSINESS,OFFICE_ADDRESS,LGL,PENDING_CASES,CASES_HISTORY,AMLA,TR,INVOICE_PAYMENT_PERFORMANCE,MERCHANT_ID,CREDIT_AGENT_ID,AGENT_NAME,MERCHANT_RISK_ID) values (5,9,8,3000,7000,1,5,'A5','Good','Good','None','1211056-A','Ali','Gopal','Good','Manufacturing','5,93000,Kuching,Sarawak','Legal','None','None','None','Good',100,5,5,'Jennifer',4);
Insert into SYSTEM.AS_RISK_MANAGEMENT (MERCHANT_RISK_DETAIL_ID,CREDIT_SCORE,KYC_SCORE,MIN_SUGGESTED_ENTITLEMENT,MAX_SUGGESTED_ENTITLEMENT,LIGITATION_INDEX_SCORE,COMPANY_REG_NO,FINANCE_INDICATOR_ID,CREDIT_APP_HISTORY,CCRIS,BOUNDED_CHECK,SSM,BOARD_OF_DIRECTOR,SHAREHOLDERS,FINANCIAL_ANNUM_REPORT,BUSINESS,OFFICE_ADDRESS,LGL,PENDING_CASES,CASES_HISTORY,AMLA,TR,INVOICE_PAYMENT_PERFORMANCE,MERCHANT_ID,CREDIT_AGENT_ID,AGENT_NAME,MERCHANT_RISK_ID) values (6,8,9,3000,7000,1,6,'A6','Good','Good','None','1365269-A','Muhammad','Azmin','Good','Food','6,85000,Segamat,Johor','Legal','None','None','None','Good',100,6,6,'Jai',5);
Insert into SYSTEM.AS_RISK_MANAGEMENT (MERCHANT_RISK_DETAIL_ID,CREDIT_SCORE,KYC_SCORE,MIN_SUGGESTED_ENTITLEMENT,MAX_SUGGESTED_ENTITLEMENT,LIGITATION_INDEX_SCORE,COMPANY_REG_NO,FINANCE_INDICATOR_ID,CREDIT_APP_HISTORY,CCRIS,BOUNDED_CHECK,SSM,BOARD_OF_DIRECTOR,SHAREHOLDERS,FINANCIAL_ANNUM_REPORT,BUSINESS,OFFICE_ADDRESS,LGL,PENDING_CASES,CASES_HISTORY,AMLA,TR,INVOICE_PAYMENT_PERFORMANCE,MERCHANT_ID,CREDIT_AGENT_ID,AGENT_NAME,MERCHANT_RISK_ID) values (7,8,9,4000,8000,1,7,'A7','Good','Good','None','1385747-A','Sarvin','Diviya','Good','Medical','7,26600,Pekan,Pahang','Legal','None','None','None','Good',100,7,7,'Ken',6);
Insert into SYSTEM.AS_RISK_MANAGEMENT (MERCHANT_RISK_DETAIL_ID,CREDIT_SCORE,KYC_SCORE,MIN_SUGGESTED_ENTITLEMENT,MAX_SUGGESTED_ENTITLEMENT,LIGITATION_INDEX_SCORE,COMPANY_REG_NO,FINANCE_INDICATOR_ID,CREDIT_APP_HISTORY,CCRIS,BOUNDED_CHECK,SSM,BOARD_OF_DIRECTOR,SHAREHOLDERS,FINANCIAL_ANNUM_REPORT,BUSINESS,OFFICE_ADDRESS,LGL,PENDING_CASES,CASES_HISTORY,AMLA,TR,INVOICE_PAYMENT_PERFORMANCE,MERCHANT_ID,CREDIT_AGENT_ID,AGENT_NAME,MERCHANT_RISK_ID) values (8,9,8,4000,8000,1,8,'A8','Good','Good','None','1044675-A','Samiha','Zahid','Good','Design','8,77000,Jasin,Melaka','Legal','None','None','None','Good',100,8,8,'Vincent',7);
REM INSERTING into SYSTEM.AS_MERCHANT_LIABILITY
SET DEFINE OFF;
Insert into SYSTEM.AS_MERCHANT_LIABILITY (MERCHANT_LIABILITY_ID,MERCHANT_ID,LIABILITY_OUTSTANDING,LIABILITY_TYPE,LOAN_DATE,VALID_FROM,VALID_TO) values (1,1,2984,'Short-term',to_date('01-JAN-21','DD-MON-RR'),to_date('05-JAN-21','DD-MON-RR'),to_date('05-JAN-22','DD-MON-RR'));
Insert into SYSTEM.AS_MERCHANT_LIABILITY (MERCHANT_LIABILITY_ID,MERCHANT_ID,LIABILITY_OUTSTANDING,LIABILITY_TYPE,LOAN_DATE,VALID_FROM,VALID_TO) values (2,4,1213,'Short-term',to_date('01-FEB-21','DD-MON-RR'),to_date('05-FEB-21','DD-MON-RR'),to_date('05-FEB-22','DD-MON-RR'));
Insert into SYSTEM.AS_MERCHANT_LIABILITY (MERCHANT_LIABILITY_ID,MERCHANT_ID,LIABILITY_OUTSTANDING,LIABILITY_TYPE,LOAN_DATE,VALID_FROM,VALID_TO) values (3,6,1765,'Short-term',to_date('01-MAR-21','DD-MON-RR'),to_date('05-MAR-21','DD-MON-RR'),to_date('05-MAR-22','DD-MON-RR'));
Insert into SYSTEM.AS_MERCHANT_LIABILITY (MERCHANT_LIABILITY_ID,MERCHANT_ID,LIABILITY_OUTSTANDING,LIABILITY_TYPE,LOAN_DATE,VALID_FROM,VALID_TO) values (4,5,1657,'Short-term',to_date('01-APR-21','DD-MON-RR'),to_date('05-APR-21','DD-MON-RR'),to_date('05-APR-22','DD-MON-RR'));
Insert into SYSTEM.AS_MERCHANT_LIABILITY (MERCHANT_LIABILITY_ID,MERCHANT_ID,LIABILITY_OUTSTANDING,LIABILITY_TYPE,LOAN_DATE,VALID_FROM,VALID_TO) values (5,3,2424,'Short-term',to_date('01-MAY-21','DD-MON-RR'),to_date('05-MAY-21','DD-MON-RR'),to_date('05-MAY-22','DD-MON-RR'));
Insert into SYSTEM.AS_MERCHANT_LIABILITY (MERCHANT_LIABILITY_ID,MERCHANT_ID,LIABILITY_OUTSTANDING,LIABILITY_TYPE,LOAN_DATE,VALID_FROM,VALID_TO) values (6,7,5854,'Long-term',to_date('01-JUN-21','DD-MON-RR'),to_date('05-JUN-21','DD-MON-RR'),to_date('05-JUN-24','DD-MON-RR'));
Insert into SYSTEM.AS_MERCHANT_LIABILITY (MERCHANT_LIABILITY_ID,MERCHANT_ID,LIABILITY_OUTSTANDING,LIABILITY_TYPE,LOAN_DATE,VALID_FROM,VALID_TO) values (7,2,4565,'Long-term',to_date('01-JUL-21','DD-MON-RR'),to_date('05-JUL-21','DD-MON-RR'),to_date('05-JUL-24','DD-MON-RR'));
Insert into SYSTEM.AS_MERCHANT_LIABILITY (MERCHANT_LIABILITY_ID,MERCHANT_ID,LIABILITY_OUTSTANDING,LIABILITY_TYPE,LOAN_DATE,VALID_FROM,VALID_TO) values (8,8,4221,'Long-term',to_date('01-AUG-21','DD-MON-RR'),to_date('05-AUG-21','DD-MON-RR'),to_date('05-AUG-24','DD-MON-RR'));
REM INSERTING into SYSTEM.AS_MERCHANT
SET DEFINE OFF;
Insert into SYSTEM.AS_MERCHANT (MERCHANT_ID,MERCHANT_NAME,SSM,AWS,MERCHANT_EMAIL) values (1,'EXOTIC','EXOTIC Sdn. Bhd.','1234','exotic@gmail.com');
Insert into SYSTEM.AS_MERCHANT (MERCHANT_ID,MERCHANT_NAME,SSM,AWS,MERCHANT_EMAIL) values (2,'LISABEUTY','LISABEUTY Sdn. Bhd.','1642','lisabeauty@gmail.com');
Insert into SYSTEM.AS_MERCHANT (MERCHANT_ID,MERCHANT_NAME,SSM,AWS,MERCHANT_EMAIL) values (3,'ENHYPEN','ENHYPEN Sdn. Bhd.','924','enhypen@gmail.com');
Insert into SYSTEM.AS_MERCHANT (MERCHANT_ID,MERCHANT_NAME,SSM,AWS,MERCHANT_EMAIL) values (4,'TXT','TXT Sdn. Bhd.','3697','txt@gmail.com');
Insert into SYSTEM.AS_MERCHANT (MERCHANT_ID,MERCHANT_NAME,SSM,AWS,MERCHANT_EMAIL) values (5,'GGD','GGD Sdn. Bhd.','2452','ggd@gmail.com');
Insert into SYSTEM.AS_MERCHANT (MERCHANT_ID,MERCHANT_NAME,SSM,AWS,MERCHANT_EMAIL) values (6,'LSF','LSF Sdn. Bhd.','3175','lsf@gmail.com');
Insert into SYSTEM.AS_MERCHANT (MERCHANT_ID,MERCHANT_NAME,SSM,AWS,MERCHANT_EMAIL) values (7,'LOLICON','LOLICON Sdn. Bhd.','998','lolicon@gmail.com');
Insert into SYSTEM.AS_MERCHANT (MERCHANT_ID,MERCHANT_NAME,SSM,AWS,MERCHANT_EMAIL) values (8,'POLO','POLO Sdn. Bhd.','3542','polo@gmail.com');
Insert into SYSTEM.AS_MERCHANT (MERCHANT_ID,MERCHANT_NAME,SSM,AWS,MERCHANT_EMAIL) values (9,'ELEMENT','ELEMENT Sdn. Bhd.','1000','element@gmail.com');
Insert into SYSTEM.AS_MERCHANT (MERCHANT_ID,MERCHANT_NAME,SSM,AWS,MERCHANT_EMAIL) values (10,'INOIS','INOIS Sdn. Bhd.','1200','inois@gmail.com');
Insert into SYSTEM.AS_MERCHANT (MERCHANT_ID,MERCHANT_NAME,SSM,AWS,MERCHANT_EMAIL) values (11,'TBK','TBK Sdn. Bhd.','2800','tbk@gmail.com');
Insert into SYSTEM.AS_MERCHANT (MERCHANT_ID,MERCHANT_NAME,SSM,AWS,MERCHANT_EMAIL) values (12,'MACHINE','MACHINE Sdn. Bhd.','3333
','machine@gmail.com');
Insert into SYSTEM.AS_MERCHANT (MERCHANT_ID,MERCHANT_NAME,SSM,AWS,MERCHANT_EMAIL) values (13,'RAPID','RAPID Sdn. Bhd.','1441','rapid@gmail.com');
Insert into SYSTEM.AS_MERCHANT (MERCHANT_ID,MERCHANT_NAME,SSM,AWS,MERCHANT_EMAIL) values (14,'PROSPECT','PROSPECT Sdn. Bhd.','2656','prospect@gmail.com');
Insert into SYSTEM.AS_MERCHANT (MERCHANT_ID,MERCHANT_NAME,SSM,AWS,MERCHANT_EMAIL) values (15,'DEPOT','DEPOT Sdn. Bhd.','1897','depot@gmail.com');
Insert into SYSTEM.AS_MERCHANT (MERCHANT_ID,MERCHANT_NAME,SSM,AWS,MERCHANT_EMAIL) values (16,'LBA','LBA Sdn. Bhd.','2456','lba@gmail.com');
--------------------------------------------------------
--  DDL for Index AS_MERCHANT_ASSET_PK
--------------------------------------------------------

  CREATE UNIQUE INDEX "SYSTEM"."AS_MERCHANT_ASSET_PK" ON "SYSTEM"."AS_MERCHANT_ASSET" ("MERCHANT_ASSET_ID") 
  PCTFREE 10 INITRANS 2 MAXTRANS 255 COMPUTE STATISTICS 
  STORAGE(INITIAL 65536 NEXT 1048576 MINEXTENTS 1 MAXEXTENTS 2147483645
  PCTINCREASE 0 FREELISTS 1 FREELIST GROUPS 1 BUFFER_POOL DEFAULT FLASH_CACHE DEFAULT CELL_FLASH_CACHE DEFAULT)
  TABLESPACE "SYSTEM" ;
--------------------------------------------------------
--  DDL for Index AS_RISK_MANAGEMENT_PK
--------------------------------------------------------

  CREATE UNIQUE INDEX "SYSTEM"."AS_RISK_MANAGEMENT_PK" ON "SYSTEM"."AS_RISK_MANAGEMENT" ("MERCHANT_RISK_DETAIL_ID") 
  PCTFREE 10 INITRANS 2 MAXTRANS 255 COMPUTE STATISTICS 
  STORAGE(INITIAL 65536 NEXT 1048576 MINEXTENTS 1 MAXEXTENTS 2147483645
  PCTINCREASE 0 FREELISTS 1 FREELIST GROUPS 1 BUFFER_POOL DEFAULT FLASH_CACHE DEFAULT CELL_FLASH_CACHE DEFAULT)
  TABLESPACE "SYSTEM" ;
--------------------------------------------------------
--  DDL for Index AS_MERCHANT_LIABILITY_PK
--------------------------------------------------------

  CREATE UNIQUE INDEX "SYSTEM"."AS_MERCHANT_LIABILITY_PK" ON "SYSTEM"."AS_MERCHANT_LIABILITY" ("MERCHANT_LIABILITY_ID") 
  PCTFREE 10 INITRANS 2 MAXTRANS 255 COMPUTE STATISTICS 
  STORAGE(INITIAL 65536 NEXT 1048576 MINEXTENTS 1 MAXEXTENTS 2147483645
  PCTINCREASE 0 FREELISTS 1 FREELIST GROUPS 1 BUFFER_POOL DEFAULT FLASH_CACHE DEFAULT CELL_FLASH_CACHE DEFAULT)
  TABLESPACE "SYSTEM" ;
--------------------------------------------------------
--  DDL for Index AS_MERCHANT_PK
--------------------------------------------------------

  CREATE UNIQUE INDEX "SYSTEM"."AS_MERCHANT_PK" ON "SYSTEM"."AS_MERCHANT" ("MERCHANT_ID") 
  PCTFREE 10 INITRANS 2 MAXTRANS 255 COMPUTE STATISTICS 
  STORAGE(INITIAL 65536 NEXT 1048576 MINEXTENTS 1 MAXEXTENTS 2147483645
  PCTINCREASE 0 FREELISTS 1 FREELIST GROUPS 1 BUFFER_POOL DEFAULT FLASH_CACHE DEFAULT CELL_FLASH_CACHE DEFAULT)
  TABLESPACE "SYSTEM" ;
--------------------------------------------------------
--  Constraints for Table AS_MERCHANT_ASSET
--------------------------------------------------------

  ALTER TABLE "SYSTEM"."AS_MERCHANT_ASSET" MODIFY ("MERCHANT_ASSET_ID" NOT NULL ENABLE);
  ALTER TABLE "SYSTEM"."AS_MERCHANT_ASSET" MODIFY ("MERCHANT_ID" NOT NULL ENABLE);
  ALTER TABLE "SYSTEM"."AS_MERCHANT_ASSET" MODIFY ("ASSET_TYPE" NOT NULL ENABLE);
  ALTER TABLE "SYSTEM"."AS_MERCHANT_ASSET" MODIFY ("ASSET_VALUE" NOT NULL ENABLE);
  ALTER TABLE "SYSTEM"."AS_MERCHANT_ASSET" MODIFY ("OWNERSHIP_PERCENTAGE" NOT NULL ENABLE);
  ALTER TABLE "SYSTEM"."AS_MERCHANT_ASSET" MODIFY ("POSSESSION_SINCE" NOT NULL ENABLE);
  ALTER TABLE "SYSTEM"."AS_MERCHANT_ASSET" ADD CONSTRAINT "AS_MERCHANT_ASSET_PK" PRIMARY KEY ("MERCHANT_ASSET_ID")
  USING INDEX PCTFREE 10 INITRANS 2 MAXTRANS 255 COMPUTE STATISTICS 
  STORAGE(INITIAL 65536 NEXT 1048576 MINEXTENTS 1 MAXEXTENTS 2147483645
  PCTINCREASE 0 FREELISTS 1 FREELIST GROUPS 1 BUFFER_POOL DEFAULT FLASH_CACHE DEFAULT CELL_FLASH_CACHE DEFAULT)
  TABLESPACE "SYSTEM"  ENABLE;
--------------------------------------------------------
--  Constraints for Table AS_RISK_MANAGEMENT
--------------------------------------------------------

  ALTER TABLE "SYSTEM"."AS_RISK_MANAGEMENT" MODIFY ("MERCHANT_RISK_DETAIL_ID" NOT NULL ENABLE);
  ALTER TABLE "SYSTEM"."AS_RISK_MANAGEMENT" MODIFY ("CREDIT_SCORE" NOT NULL ENABLE);
  ALTER TABLE "SYSTEM"."AS_RISK_MANAGEMENT" MODIFY ("KYC_SCORE" NOT NULL ENABLE);
  ALTER TABLE "SYSTEM"."AS_RISK_MANAGEMENT" MODIFY ("MIN_SUGGESTED_ENTITLEMENT" NOT NULL ENABLE);
  ALTER TABLE "SYSTEM"."AS_RISK_MANAGEMENT" MODIFY ("MAX_SUGGESTED_ENTITLEMENT" NOT NULL ENABLE);
  ALTER TABLE "SYSTEM"."AS_RISK_MANAGEMENT" MODIFY ("LIGITATION_INDEX_SCORE" NOT NULL ENABLE);
  ALTER TABLE "SYSTEM"."AS_RISK_MANAGEMENT" MODIFY ("COMPANY_REG_NO" NOT NULL ENABLE);
  ALTER TABLE "SYSTEM"."AS_RISK_MANAGEMENT" MODIFY ("FINANCE_INDICATOR_ID" NOT NULL ENABLE);
  ALTER TABLE "SYSTEM"."AS_RISK_MANAGEMENT" MODIFY ("CREDIT_APP_HISTORY" NOT NULL ENABLE);
  ALTER TABLE "SYSTEM"."AS_RISK_MANAGEMENT" MODIFY ("CCRIS" NOT NULL ENABLE);
  ALTER TABLE "SYSTEM"."AS_RISK_MANAGEMENT" MODIFY ("BOUNDED_CHECK" NOT NULL ENABLE);
  ALTER TABLE "SYSTEM"."AS_RISK_MANAGEMENT" MODIFY ("SSM" NOT NULL ENABLE);
  ALTER TABLE "SYSTEM"."AS_RISK_MANAGEMENT" MODIFY ("BOARD_OF_DIRECTOR" NOT NULL ENABLE);
  ALTER TABLE "SYSTEM"."AS_RISK_MANAGEMENT" MODIFY ("SHAREHOLDERS" NOT NULL ENABLE);
  ALTER TABLE "SYSTEM"."AS_RISK_MANAGEMENT" MODIFY ("FINANCIAL_ANNUM_REPORT" NOT NULL ENABLE);
  ALTER TABLE "SYSTEM"."AS_RISK_MANAGEMENT" MODIFY ("BUSINESS" NOT NULL ENABLE);
  ALTER TABLE "SYSTEM"."AS_RISK_MANAGEMENT" MODIFY ("OFFICE_ADDRESS" NOT NULL ENABLE);
  ALTER TABLE "SYSTEM"."AS_RISK_MANAGEMENT" MODIFY ("LGL" NOT NULL ENABLE);
  ALTER TABLE "SYSTEM"."AS_RISK_MANAGEMENT" MODIFY ("PENDING_CASES" NOT NULL ENABLE);
  ALTER TABLE "SYSTEM"."AS_RISK_MANAGEMENT" MODIFY ("CASES_HISTORY" NOT NULL ENABLE);
  ALTER TABLE "SYSTEM"."AS_RISK_MANAGEMENT" MODIFY ("AMLA" NOT NULL ENABLE);
  ALTER TABLE "SYSTEM"."AS_RISK_MANAGEMENT" MODIFY ("TR" NOT NULL ENABLE);
  ALTER TABLE "SYSTEM"."AS_RISK_MANAGEMENT" MODIFY ("INVOICE_PAYMENT_PERFORMANCE" NOT NULL ENABLE);
  ALTER TABLE "SYSTEM"."AS_RISK_MANAGEMENT" MODIFY ("MERCHANT_ID" NOT NULL ENABLE);
  ALTER TABLE "SYSTEM"."AS_RISK_MANAGEMENT" MODIFY ("CREDIT_AGENT_ID" NOT NULL ENABLE);
  ALTER TABLE "SYSTEM"."AS_RISK_MANAGEMENT" MODIFY ("AGENT_NAME" NOT NULL ENABLE);
  ALTER TABLE "SYSTEM"."AS_RISK_MANAGEMENT" MODIFY ("MERCHANT_RISK_ID" NOT NULL ENABLE);
  ALTER TABLE "SYSTEM"."AS_RISK_MANAGEMENT" ADD CONSTRAINT "AS_RISK_MANAGEMENT_PK" PRIMARY KEY ("MERCHANT_RISK_DETAIL_ID")
  USING INDEX PCTFREE 10 INITRANS 2 MAXTRANS 255 COMPUTE STATISTICS 
  STORAGE(INITIAL 65536 NEXT 1048576 MINEXTENTS 1 MAXEXTENTS 2147483645
  PCTINCREASE 0 FREELISTS 1 FREELIST GROUPS 1 BUFFER_POOL DEFAULT FLASH_CACHE DEFAULT CELL_FLASH_CACHE DEFAULT)
  TABLESPACE "SYSTEM"  ENABLE;
--------------------------------------------------------
--  Constraints for Table AS_MERCHANT_LIABILITY
--------------------------------------------------------

  ALTER TABLE "SYSTEM"."AS_MERCHANT_LIABILITY" MODIFY ("MERCHANT_LIABILITY_ID" NOT NULL ENABLE);
  ALTER TABLE "SYSTEM"."AS_MERCHANT_LIABILITY" MODIFY ("MERCHANT_ID" NOT NULL ENABLE);
  ALTER TABLE "SYSTEM"."AS_MERCHANT_LIABILITY" MODIFY ("LIABILITY_OUTSTANDING" NOT NULL ENABLE);
  ALTER TABLE "SYSTEM"."AS_MERCHANT_LIABILITY" MODIFY ("LIABILITY_TYPE" NOT NULL ENABLE);
  ALTER TABLE "SYSTEM"."AS_MERCHANT_LIABILITY" MODIFY ("LOAN_DATE" NOT NULL ENABLE);
  ALTER TABLE "SYSTEM"."AS_MERCHANT_LIABILITY" MODIFY ("VALID_FROM" NOT NULL ENABLE);
  ALTER TABLE "SYSTEM"."AS_MERCHANT_LIABILITY" MODIFY ("VALID_TO" NOT NULL ENABLE);
  ALTER TABLE "SYSTEM"."AS_MERCHANT_LIABILITY" ADD CONSTRAINT "AS_MERCHANT_LIABILITY_PK" PRIMARY KEY ("MERCHANT_LIABILITY_ID")
  USING INDEX PCTFREE 10 INITRANS 2 MAXTRANS 255 COMPUTE STATISTICS 
  STORAGE(INITIAL 65536 NEXT 1048576 MINEXTENTS 1 MAXEXTENTS 2147483645
  PCTINCREASE 0 FREELISTS 1 FREELIST GROUPS 1 BUFFER_POOL DEFAULT FLASH_CACHE DEFAULT CELL_FLASH_CACHE DEFAULT)
  TABLESPACE "SYSTEM"  ENABLE;
--------------------------------------------------------
--  Constraints for Table AS_MERCHANT
--------------------------------------------------------

  ALTER TABLE "SYSTEM"."AS_MERCHANT" MODIFY ("MERCHANT_EMAIL" NOT NULL ENABLE);
  ALTER TABLE "SYSTEM"."AS_MERCHANT" MODIFY ("MERCHANT_ID" NOT NULL ENABLE);
  ALTER TABLE "SYSTEM"."AS_MERCHANT" MODIFY ("MERCHANT_NAME" NOT NULL ENABLE);
  ALTER TABLE "SYSTEM"."AS_MERCHANT" MODIFY ("SSM" NOT NULL ENABLE);
  ALTER TABLE "SYSTEM"."AS_MERCHANT" MODIFY ("AWS" NOT NULL ENABLE);
  ALTER TABLE "SYSTEM"."AS_MERCHANT" ADD CONSTRAINT "AS_MERCHANT_PK" PRIMARY KEY ("MERCHANT_ID")
  USING INDEX PCTFREE 10 INITRANS 2 MAXTRANS 255 COMPUTE STATISTICS 
  STORAGE(INITIAL 65536 NEXT 1048576 MINEXTENTS 1 MAXEXTENTS 2147483645
  PCTINCREASE 0 FREELISTS 1 FREELIST GROUPS 1 BUFFER_POOL DEFAULT FLASH_CACHE DEFAULT CELL_FLASH_CACHE DEFAULT)
  TABLESPACE "SYSTEM"  ENABLE;
--------------------------------------------------------
--  Ref Constraints for Table AS_MERCHANT_ASSET
--------------------------------------------------------

  ALTER TABLE "SYSTEM"."AS_MERCHANT_ASSET" ADD CONSTRAINT "ASSET_MERCHANT_FK4" FOREIGN KEY ("MERCHANT_ID")
	  REFERENCES "SYSTEM"."AS_MERCHANT" ("MERCHANT_ID") ENABLE;
--------------------------------------------------------
--  Ref Constraints for Table AS_RISK_MANAGEMENT
--------------------------------------------------------

  ALTER TABLE "SYSTEM"."AS_RISK_MANAGEMENT" ADD CONSTRAINT "MERCHANT_RISK_ID_FK1" FOREIGN KEY ("MERCHANT_RISK_ID")
	  REFERENCES "SYSTEM"."AS_RISK_ENGINE" ("MERCHANT_RISK_ID") ON DELETE CASCADE ENABLE;
  ALTER TABLE "SYSTEM"."AS_RISK_MANAGEMENT" ADD CONSTRAINT "RM_MERCHANT_ID_FK1" FOREIGN KEY ("MERCHANT_ID")
	  REFERENCES "SYSTEM"."AS_MERCHANT" ("MERCHANT_ID") ON DELETE CASCADE ENABLE;
--------------------------------------------------------
--  Ref Constraints for Table AS_MERCHANT_LIABILITY
--------------------------------------------------------

  ALTER TABLE "SYSTEM"."AS_MERCHANT_LIABILITY" ADD CONSTRAINT "MERCHANT_ID_FK3" FOREIGN KEY ("MERCHANT_ID")
	  REFERENCES "SYSTEM"."AS_MERCHANT" ("MERCHANT_ID") ENABLE;
