--------------------------------------------------------
--  File created - Friday-December-30-2022   
--------------------------------------------------------
--------------------------------------------------------
--  DDL for Table AS_ACCOUNT
--------------------------------------------------------

  CREATE TABLE "SYSTEM"."AS_ACCOUNT" 
   (	"ACCOUNT_ID" NUMBER, 
	"ACCOUNT_NAME" VARCHAR2(20 BYTE), 
	"DISTRICT_ID" NUMBER, 
	"REGION" VARCHAR2(20 BYTE), 
	"CITY" VARCHAR2(20 BYTE), 
	"RATIO_URBAN" NUMBER, 
	"AVG_SALARY" FLOAT(126), 
	"DATE_CREATED" DATE, 
	"CUSTOMER_ID" NUMBER, 
	"MERCHANT_ID" NUMBER
   ) PCTFREE 10 PCTUSED 40 INITRANS 1 MAXTRANS 255 NOCOMPRESS LOGGING
  STORAGE(INITIAL 65536 NEXT 1048576 MINEXTENTS 1 MAXEXTENTS 2147483645
  PCTINCREASE 0 FREELISTS 1 FREELIST GROUPS 1 BUFFER_POOL DEFAULT FLASH_CACHE DEFAULT CELL_FLASH_CACHE DEFAULT)
  TABLESPACE "SYSTEM" ;
--------------------------------------------------------
--  DDL for Table AS_CUSTOMER
--------------------------------------------------------

  CREATE TABLE "SYSTEM"."AS_CUSTOMER" 
   (	"CUSTOMER_ID" NUMBER, 
	"CUSTOMER_FIRST_NAME" VARCHAR2(20 BYTE), 
	"CUSTOMER_LAST_NAME" VARCHAR2(20 BYTE), 
	"CUSTOMER_CONTACT_NUM" VARCHAR2(20 BYTE), 
	"CUSTOMER_EMAIL" VARCHAR2(20 BYTE), 
	"CUST_CURR_ADD" VARCHAR2(100 BYTE), 
	"CUST_HOME_ADD" VARCHAR2(100 BYTE), 
	"CUST_DOB" DATE, 
	"CUST_EMPLOYMENT_ID" VARCHAR2(20 BYTE), 
	"POSTING_DATE" DATE, 
	"EMPLOYMENT_TYPE" VARCHAR2(20 BYTE), 
	"PROFESSION_TYPE" VARCHAR2(20 BYTE), 
	"EXP_IN_PROFESSION_YEAR" NUMBER, 
	"TENURE_WITH_CURR_EMPLOYER" NUMBER, 
	"EMPLOYMENT_DESC" VARCHAR2(20 BYTE)
   ) PCTFREE 10 PCTUSED 40 INITRANS 1 MAXTRANS 255 NOCOMPRESS LOGGING
  STORAGE(INITIAL 65536 NEXT 1048576 MINEXTENTS 1 MAXEXTENTS 2147483645
  PCTINCREASE 0 FREELISTS 1 FREELIST GROUPS 1 BUFFER_POOL DEFAULT FLASH_CACHE DEFAULT CELL_FLASH_CACHE DEFAULT)
  TABLESPACE "SYSTEM" ;
--------------------------------------------------------
--  DDL for Table AS_MERCHANT
--------------------------------------------------------

  CREATE TABLE "SYSTEM"."AS_MERCHANT" 
   (	"MERCHANT_ID" NUMBER, 
	"MERCHANT_NAME" VARCHAR2(20 BYTE), 
	"SSM" VARCHAR2(20 BYTE), 
	"AWS" VARCHAR2(20 BYTE), 
	"MERCHANT_EMAIL" VARCHAR2(200 BYTE)
   ) PCTFREE 10 PCTUSED 40 INITRANS 1 MAXTRANS 255 NOCOMPRESS LOGGING
  STORAGE(INITIAL 65536 NEXT 1048576 MINEXTENTS 1 MAXEXTENTS 2147483645
  PCTINCREASE 0 FREELISTS 1 FREELIST GROUPS 1 BUFFER_POOL DEFAULT FLASH_CACHE DEFAULT CELL_FLASH_CACHE DEFAULT)
  TABLESPACE "SYSTEM" ;

   COMMENT ON COLUMN "SYSTEM"."AS_MERCHANT"."AWS" IS 'AVERAGE WEEKLY SALES';
--------------------------------------------------------
--  DDL for Table AS_MERCHANT_ASSET
--------------------------------------------------------

  CREATE TABLE "SYSTEM"."AS_MERCHANT_ASSET" 
   (	"MERCHANT_ASSET_ID" NUMBER, 
	"MERCHANT_ID" NUMBER, 
	"ASSET_TYPE" VARCHAR2(20 BYTE), 
	"ASSET_VALUE" NUMBER, 
	"OWNERSHIP_PERCENTAGE" FLOAT(126), 
	"POSSESSION_SINCE" DATE
   ) PCTFREE 10 PCTUSED 40 INITRANS 1 MAXTRANS 255 NOCOMPRESS LOGGING
  STORAGE(INITIAL 65536 NEXT 1048576 MINEXTENTS 1 MAXEXTENTS 2147483645
  PCTINCREASE 0 FREELISTS 1 FREELIST GROUPS 1 BUFFER_POOL DEFAULT FLASH_CACHE DEFAULT CELL_FLASH_CACHE DEFAULT)
  TABLESPACE "SYSTEM" ;
--------------------------------------------------------
--  DDL for Table AS_MERCHANT_LIABILITY
--------------------------------------------------------

  CREATE TABLE "SYSTEM"."AS_MERCHANT_LIABILITY" 
   (	"MERCHANT_LIABILITY_ID" NUMBER, 
	"MERCHANT_ID" NUMBER, 
	"LIABILITY_OUTSTANDING" NUMBER, 
	"LIABILITY_TYPE" VARCHAR2(20 BYTE), 
	"LOAN_DATE" DATE, 
	"VALID_FROM" DATE, 
	"VALID_TO" DATE
   ) PCTFREE 10 PCTUSED 40 INITRANS 1 MAXTRANS 255 NOCOMPRESS LOGGING
  STORAGE(INITIAL 65536 NEXT 1048576 MINEXTENTS 1 MAXEXTENTS 2147483645
  PCTINCREASE 0 FREELISTS 1 FREELIST GROUPS 1 BUFFER_POOL DEFAULT FLASH_CACHE DEFAULT CELL_FLASH_CACHE DEFAULT)
  TABLESPACE "SYSTEM" ;
--------------------------------------------------------
--  DDL for Table AS_RISK_ENGINE
--------------------------------------------------------

  CREATE TABLE "SYSTEM"."AS_RISK_ENGINE" 
   (	"MERCHANT_RISK_ID" NUMBER, 
	"CREDIT_WEIGHTAGE" NUMBER, 
	"MIN_CREDIT_FACTOR" NUMBER, 
	"MAX_CREDIT_FACTOR" NUMBER, 
	"MIN_LOAN_RATE" NUMBER, 
	"MAX_LOAN_RATE" NUMBER, 
	"LIGITATION_FACTOR" NUMBER, 
	"MIN_LIGITATION_FACTOR" NUMBER, 
	"MAX_LIGITATION_FACTOR" NUMBER, 
	"TOTAL_RISK_WEIGHTAGE" NUMBER, 
	"TOTAL_LOAN_WEIGHTAGE" NUMBER, 
	"VALID_FROM" DATE, 
	"VALID_TO" DATE
   ) PCTFREE 10 PCTUSED 40 INITRANS 1 MAXTRANS 255 NOCOMPRESS LOGGING
  STORAGE(INITIAL 65536 NEXT 1048576 MINEXTENTS 1 MAXEXTENTS 2147483645
  PCTINCREASE 0 FREELISTS 1 FREELIST GROUPS 1 BUFFER_POOL DEFAULT FLASH_CACHE DEFAULT CELL_FLASH_CACHE DEFAULT)
  TABLESPACE "SYSTEM" ;
--------------------------------------------------------
--  DDL for Table AS_RISK_MANAGEMENT
--------------------------------------------------------

  CREATE TABLE "SYSTEM"."AS_RISK_MANAGEMENT" 
   (	"MERCHANT_RISK_DETAIL_ID" NUMBER, 
	"CREDIT_SCORE" NUMBER, 
	"KYC_SCORE" NUMBER, 
	"MIN_SUGGESTED_ENTITLEMENT" NUMBER, 
	"MAX_SUGGESTED_ENTITLEMENT" NUMBER, 
	"LIGITATION_INDEX_SCORE" NUMBER, 
	"COMPANY_REG_NO" NUMBER, 
	"FINANCE_INDICATOR_ID" VARCHAR2(20 BYTE), 
	"CREDIT_APP_HISTORY" VARCHAR2(20 BYTE), 
	"CCRIS" VARCHAR2(20 BYTE), 
	"BOUNDED_CHECK" VARCHAR2(20 BYTE), 
	"SSM" VARCHAR2(20 BYTE), 
	"BOARD_OF_DIRECTOR" VARCHAR2(200 BYTE), 
	"SHAREHOLDERS" VARCHAR2(200 BYTE), 
	"FINANCIAL_ANNUM_REPORT" VARCHAR2(20 BYTE), 
	"BUSINESS" VARCHAR2(20 BYTE), 
	"OFFICE_ADDRESS" VARCHAR2(30 BYTE), 
	"LGL" VARCHAR2(20 BYTE), 
	"PENDING_CASES" VARCHAR2(200 BYTE), 
	"CASES_HISTORY" VARCHAR2(200 BYTE), 
	"AMLA" VARCHAR2(20 BYTE), 
	"TR" VARCHAR2(200 BYTE), 
	"INVOICE_PAYMENT_PERFORMANCE" NUMBER, 
	"MERCHANT_ID" NUMBER, 
	"CREDIT_AGENT_ID" NUMBER, 
	"AGENT_NAME" VARCHAR2(20 BYTE), 
	"MERCHANT_RISK_ID" NUMBER
   ) PCTFREE 10 PCTUSED 40 INITRANS 1 MAXTRANS 255 NOCOMPRESS LOGGING
  STORAGE(INITIAL 65536 NEXT 1048576 MINEXTENTS 1 MAXEXTENTS 2147483645
  PCTINCREASE 0 FREELISTS 1 FREELIST GROUPS 1 BUFFER_POOL DEFAULT FLASH_CACHE DEFAULT CELL_FLASH_CACHE DEFAULT)
  TABLESPACE "SYSTEM" ;
REM INSERTING into SYSTEM.AS_ACCOUNT
SET DEFINE OFF;
Insert into SYSTEM.AS_ACCOUNT (ACCOUNT_ID,ACCOUNT_NAME,DISTRICT_ID,REGION,CITY,RATIO_URBAN,AVG_SALARY,DATE_CREATED,CUSTOMER_ID,MERCHANT_ID) values (1,'James_David',81000,'Kulai','Taman ABC',4009670,4564,to_date('04-JUN-20','DD-MON-RR'),1,1);
Insert into SYSTEM.AS_ACCOUNT (ACCOUNT_ID,ACCOUNT_NAME,DISTRICT_ID,REGION,CITY,RATIO_URBAN,AVG_SALARY,DATE_CREATED,CUSTOMER_ID,MERCHANT_ID) values (2,'Robert_William',70100,'Seremban','Taman SEA',1199974,3255,to_date('09-JUN-21','DD-MON-RR'),2,2);
Insert into SYSTEM.AS_ACCOUNT (ACCOUNT_ID,ACCOUNT_NAME,DISTRICT_ID,REGION,CITY,RATIO_URBAN,AVG_SALARY,DATE_CREATED,CUSTOMER_ID,MERCHANT_ID) values (3,'John_Richard',6101,'Changloon','Taman Senyum',2131427,3468,to_date('19-AUG-21','DD-MON-RR'),3,3);
Insert into SYSTEM.AS_ACCOUNT (ACCOUNT_ID,ACCOUNT_NAME,DISTRICT_ID,REGION,CITY,RATIO_URBAN,AVG_SALARY,DATE_CREATED,CUSTOMER_ID,MERCHANT_ID) values (4,'Michael_Joseph',17610,'Kuala Balah','Taman Julia',1792501,5612,to_date('06-DEC-22','DD-MON-RR'),4,4);
Insert into SYSTEM.AS_ACCOUNT (ACCOUNT_ID,ACCOUNT_NAME,DISTRICT_ID,REGION,CITY,RATIO_URBAN,AVG_SALARY,DATE_CREATED,CUSTOMER_ID,MERCHANT_ID) values (5,'Mary_Elizabeth',75450,'Ayer Keroh','Taman Yang',998428,3926,to_date('03-DEC-20','DD-MON-RR'),5,5);
Insert into SYSTEM.AS_ACCOUNT (ACCOUNT_ID,ACCOUNT_NAME,DISTRICT_ID,REGION,CITY,RATIO_URBAN,AVG_SALARY,DATE_CREATED,CUSTOMER_ID,MERCHANT_ID) values (6,'Patricia_Barbara',11100,'Batu Feringgi','Taman Solisa',1740405,4326,to_date('04-SEP-16','DD-MON-RR'),6,6);
Insert into SYSTEM.AS_ACCOUNT (ACCOUNT_ID,ACCOUNT_NAME,DISTRICT_ID,REGION,CITY,RATIO_URBAN,AVG_SALARY,DATE_CREATED,CUSTOMER_ID,MERCHANT_ID) values (7,'Jennifer_Susan',88858,'Tanjung Aru','Taman Qarau',3418785,3468,to_date('09-JUL-17','DD-MON-RR'),7,7);
Insert into SYSTEM.AS_ACCOUNT (ACCOUNT_ID,ACCOUNT_NAME,DISTRICT_ID,REGION,CITY,RATIO_URBAN,AVG_SALARY,DATE_CREATED,CUSTOMER_ID,MERCHANT_ID) values (8,'Linda_Jessica',43200,'Cheras','Taman Bahagia',6994423,6102,to_date('16-OCT-22','DD-MON-RR'),8,8);
REM INSERTING into SYSTEM.AS_CUSTOMER
SET DEFINE OFF;
Insert into SYSTEM.AS_CUSTOMER (CUSTOMER_ID,CUSTOMER_FIRST_NAME,CUSTOMER_LAST_NAME,CUSTOMER_CONTACT_NUM,CUSTOMER_EMAIL,CUST_CURR_ADD,CUST_HOME_ADD,CUST_DOB,CUST_EMPLOYMENT_ID,POSTING_DATE,EMPLOYMENT_TYPE,PROFESSION_TYPE,EXP_IN_PROFESSION_YEAR,TENURE_WITH_CURR_EMPLOYER,EMPLOYMENT_DESC) values (1,'James','David','+60123456789','James@gmail.com','1,Jalan Aman,Taman ABC,81000 Kulai,Johor','1,Jalan Aman,Taman ABC,81000 Kulai,Johor',to_date('19-JAN-76','DD-MON-RR'),'M789',to_date('01-JAN-20','DD-MON-RR'),'Full-time contracts','accountants',20,5,'Corporate accounting');
Insert into SYSTEM.AS_CUSTOMER (CUSTOMER_ID,CUSTOMER_FIRST_NAME,CUSTOMER_LAST_NAME,CUSTOMER_CONTACT_NUM,CUSTOMER_EMAIL,CUST_CURR_ADD,CUST_HOME_ADD,CUST_DOB,CUST_EMPLOYMENT_ID,POSTING_DATE,EMPLOYMENT_TYPE,PROFESSION_TYPE,EXP_IN_PROFESSION_YEAR,TENURE_WITH_CURR_EMPLOYER,EMPLOYMENT_DESC) values (2,'Robert','William','+60234567891','Robert@gmail.com','3,Jalan Camar 13,Taman SEA,70100 Seremban, N.S','3,Jalan Camar 13,Taman SEA,70100 Seremban, N.S',to_date('05-MAR-76','DD-MON-RR'),'P147',to_date('08-FEB-21','DD-MON-RR'),'Full-time contracts','engineers',18,5,'Data Scientist');
Insert into SYSTEM.AS_CUSTOMER (CUSTOMER_ID,CUSTOMER_FIRST_NAME,CUSTOMER_LAST_NAME,CUSTOMER_CONTACT_NUM,CUSTOMER_EMAIL,CUST_CURR_ADD,CUST_HOME_ADD,CUST_DOB,CUST_EMPLOYMENT_ID,POSTING_DATE,EMPLOYMENT_TYPE,PROFESSION_TYPE,EXP_IN_PROFESSION_YEAR,TENURE_WITH_CURR_EMPLOYER,EMPLOYMENT_DESC) values (3,'John','Richard','+60345678912','John@gmail.com','9,Jalan Happy,Taman Senyum,06101 Changloon,Kedah','9,Jalan Happy,Taman Senyum,06101 Changloon,Kedah',to_date('09-JUN-89','DD-MON-RR'),'J963',to_date('09-MAR-21','DD-MON-RR'),'Part-time contracts','mechanics',10,5,'Auto Mechanics');
Insert into SYSTEM.AS_CUSTOMER (CUSTOMER_ID,CUSTOMER_FIRST_NAME,CUSTOMER_LAST_NAME,CUSTOMER_CONTACT_NUM,CUSTOMER_EMAIL,CUST_CURR_ADD,CUST_HOME_ADD,CUST_DOB,CUST_EMPLOYMENT_ID,POSTING_DATE,EMPLOYMENT_TYPE,PROFESSION_TYPE,EXP_IN_PROFESSION_YEAR,TENURE_WITH_CURR_EMPLOYER,EMPLOYMENT_DESC) values (4,'Michael','Joseph','+60456789123','Michael@gmail.com','8,Jalan Jolus,Taman Julia,17610 Kuala Balah,Kelantan','8,Jalan Jolus,Taman Julia,17610 Kuala Balah,Kelantan',to_date('07-MAY-84','DD-MON-RR'),'Y753',to_date('09-SEP-22','DD-MON-RR'),'Full-time contracts','accountants',13,5,'Corporate accounting');
Insert into SYSTEM.AS_CUSTOMER (CUSTOMER_ID,CUSTOMER_FIRST_NAME,CUSTOMER_LAST_NAME,CUSTOMER_CONTACT_NUM,CUSTOMER_EMAIL,CUST_CURR_ADD,CUST_HOME_ADD,CUST_DOB,CUST_EMPLOYMENT_ID,POSTING_DATE,EMPLOYMENT_TYPE,PROFESSION_TYPE,EXP_IN_PROFESSION_YEAR,TENURE_WITH_CURR_EMPLOYER,EMPLOYMENT_DESC) values (5,'Mary','Elizabeth','+60567891234','Mary@gmail.com','3597, Jalan Pertama, Taman Yang 75450 Ayer Keroh, Melaka','3597, Jalan Pertama, Taman Yang 75450 Ayer Keroh, Melaka',to_date('06-JUL-59','DD-MON-RR'),'R957',to_date('04-JUL-20','DD-MON-RR'),'Part-time contracts','mechanics',36,5,'Auto Mechanics');
Insert into SYSTEM.AS_CUSTOMER (CUSTOMER_ID,CUSTOMER_FIRST_NAME,CUSTOMER_LAST_NAME,CUSTOMER_CONTACT_NUM,CUSTOMER_EMAIL,CUST_CURR_ADD,CUST_HOME_ADD,CUST_DOB,CUST_EMPLOYMENT_ID,POSTING_DATE,EMPLOYMENT_TYPE,PROFESSION_TYPE,EXP_IN_PROFESSION_YEAR,TENURE_WITH_CURR_EMPLOYER,EMPLOYMENT_DESC) values (6,'Patricia','Barbara','+60678912345','Patricia@gmail.com','6491, Jalan Merlis, Taman Solisa, 11100 Batu Feringgi ,Pulau Pinang','6491, Jalan Merlis, Taman Solisa, 11100 Batu Feringgi ,Pulau Pinang',to_date('18-APR-85','DD-MON-RR'),'T527',to_date('09-MAY-16','DD-MON-RR'),'Full-time contracts','engineers',12,5,'Software engineer');
Insert into SYSTEM.AS_CUSTOMER (CUSTOMER_ID,CUSTOMER_FIRST_NAME,CUSTOMER_LAST_NAME,CUSTOMER_CONTACT_NUM,CUSTOMER_EMAIL,CUST_CURR_ADD,CUST_HOME_ADD,CUST_DOB,CUST_EMPLOYMENT_ID,POSTING_DATE,EMPLOYMENT_TYPE,PROFESSION_TYPE,EXP_IN_PROFESSION_YEAR,TENURE_WITH_CURR_EMPLOYER,EMPLOYMENT_DESC) values (7,'Jennifer','Susan','+60789123456','Jennifer@gmail.com','456, Jalan Tanjung, Taman Qarau, 88858 Tanjung Aru, Sabah','456, Jalan Tanjung, Taman Qarau, 88858 Tanjung Aru, Sabah',to_date('03-AUG-77','DD-MON-RR'),'K258',to_date('04-JUN-17','DD-MON-RR'),'Full-time contracts','accountants',14,5,'Corporate accounting');
Insert into SYSTEM.AS_CUSTOMER (CUSTOMER_ID,CUSTOMER_FIRST_NAME,CUSTOMER_LAST_NAME,CUSTOMER_CONTACT_NUM,CUSTOMER_EMAIL,CUST_CURR_ADD,CUST_HOME_ADD,CUST_DOB,CUST_EMPLOYMENT_ID,POSTING_DATE,EMPLOYMENT_TYPE,PROFESSION_TYPE,EXP_IN_PROFESSION_YEAR,TENURE_WITH_CURR_EMPLOYER,EMPLOYMENT_DESC) values (8,'Linda','Jessica','+60891234567','Linda@gmail.com','0617, Jalan Bahagia, Taman Bahagia, 43200 Cheras, Selangor','0617, Jalan Bahagia, Taman Bahagia, 43200 Cheras, Selangor',to_date('16-JUL-92','DD-MON-RR'),'B7469',to_date('01-MAY-22','DD-MON-RR'),'Full-time contracts','engineers',6,5,'Software engineer');
REM INSERTING into SYSTEM.AS_MERCHANT
SET DEFINE OFF;
Insert into SYSTEM.AS_MERCHANT (MERCHANT_ID,MERCHANT_NAME,SSM,AWS,MERCHANT_EMAIL) values (1,'EXOTIC','EXOTIC Sdn. Bhd.','1234','exotic@gmail.com');
Insert into SYSTEM.AS_MERCHANT (MERCHANT_ID,MERCHANT_NAME,SSM,AWS,MERCHANT_EMAIL) values (2,'LISABEUTY','LISABEUTY Sdn. Bhd.','1642','lisabeauty@gmail.com');
Insert into SYSTEM.AS_MERCHANT (MERCHANT_ID,MERCHANT_NAME,SSM,AWS,MERCHANT_EMAIL) values (3,'ENHYPEN','ENHYPEN Sdn. Bhd.','924','enhypen@gmail.com');
Insert into SYSTEM.AS_MERCHANT (MERCHANT_ID,MERCHANT_NAME,SSM,AWS,MERCHANT_EMAIL) values (4,'TXT','TXT Sdn. Bhd.','3697','txt@gmail.com');
Insert into SYSTEM.AS_MERCHANT (MERCHANT_ID,MERCHANT_NAME,SSM,AWS,MERCHANT_EMAIL) values (5,'GGD','GGD Sdn. Bhd.','2452','ggd@gmail.com');
Insert into SYSTEM.AS_MERCHANT (MERCHANT_ID,MERCHANT_NAME,SSM,AWS,MERCHANT_EMAIL) values (6,'LSF','LSF Sdn. Bhd.','3175','lsf@gmail.com');
Insert into SYSTEM.AS_MERCHANT (MERCHANT_ID,MERCHANT_NAME,SSM,AWS,MERCHANT_EMAIL) values (7,'LOLICON','LOLICON Sdn. Bhd.','998','lolicon@gmail.com');
Insert into SYSTEM.AS_MERCHANT (MERCHANT_ID,MERCHANT_NAME,SSM,AWS,MERCHANT_EMAIL) values (8,'POLO','POLO Sdn. Bhd.','3542','polo@gmail.com');
Insert into SYSTEM.AS_MERCHANT (MERCHANT_ID,MERCHANT_NAME,SSM,AWS,MERCHANT_EMAIL) values (9,'ELEMENT','ELEMENT Sdn. Bhd.','1000','element@gmail.com');
Insert into SYSTEM.AS_MERCHANT (MERCHANT_ID,MERCHANT_NAME,SSM,AWS,MERCHANT_EMAIL) values (10,'INOIS','INOIS Sdn. Bhd.','1200','inois@gmail.com');
Insert into SYSTEM.AS_MERCHANT (MERCHANT_ID,MERCHANT_NAME,SSM,AWS,MERCHANT_EMAIL) values (11,'TBK','TBK Sdn. Bhd.','2800','tbk@gmail.com');
Insert into SYSTEM.AS_MERCHANT (MERCHANT_ID,MERCHANT_NAME,SSM,AWS,MERCHANT_EMAIL) values (12,'MACHINE','MACHINE Sdn. Bhd.','3333
','machine@gmail.com');
Insert into SYSTEM.AS_MERCHANT (MERCHANT_ID,MERCHANT_NAME,SSM,AWS,MERCHANT_EMAIL) values (13,'RAPID','RAPID Sdn. Bhd.','1441','rapid@gmail.com');
Insert into SYSTEM.AS_MERCHANT (MERCHANT_ID,MERCHANT_NAME,SSM,AWS,MERCHANT_EMAIL) values (14,'PROSPECT','PROSPECT Sdn. Bhd.','2656','prospect@gmail.com');
Insert into SYSTEM.AS_MERCHANT (MERCHANT_ID,MERCHANT_NAME,SSM,AWS,MERCHANT_EMAIL) values (15,'DEPOT','DEPOT Sdn. Bhd.','1897','depot@gmail.com');
Insert into SYSTEM.AS_MERCHANT (MERCHANT_ID,MERCHANT_NAME,SSM,AWS,MERCHANT_EMAIL) values (16,'LBA','LBA Sdn. Bhd.','2456','lba@gmail.com');
REM INSERTING into SYSTEM.AS_MERCHANT_ASSET
SET DEFINE OFF;
Insert into SYSTEM.AS_MERCHANT_ASSET (MERCHANT_ASSET_ID,MERCHANT_ID,ASSET_TYPE,ASSET_VALUE,OWNERSHIP_PERCENTAGE,POSSESSION_SINCE) values (1,2,'Tangible',1000000,90,to_date('11-JAN-20','DD-MON-RR'));
Insert into SYSTEM.AS_MERCHANT_ASSET (MERCHANT_ASSET_ID,MERCHANT_ID,ASSET_TYPE,ASSET_VALUE,OWNERSHIP_PERCENTAGE,POSSESSION_SINCE) values (2,7,'Tangible',2000000,100,to_date('11-FEB-20','DD-MON-RR'));
Insert into SYSTEM.AS_MERCHANT_ASSET (MERCHANT_ASSET_ID,MERCHANT_ID,ASSET_TYPE,ASSET_VALUE,OWNERSHIP_PERCENTAGE,POSSESSION_SINCE) values (3,5,'Tangible',1200000,100,to_date('11-MAR-20','DD-MON-RR'));
Insert into SYSTEM.AS_MERCHANT_ASSET (MERCHANT_ASSET_ID,MERCHANT_ID,ASSET_TYPE,ASSET_VALUE,OWNERSHIP_PERCENTAGE,POSSESSION_SINCE) values (4,1,'Tangible',1500000,100,to_date('11-APR-20','DD-MON-RR'));
Insert into SYSTEM.AS_MERCHANT_ASSET (MERCHANT_ASSET_ID,MERCHANT_ID,ASSET_TYPE,ASSET_VALUE,OWNERSHIP_PERCENTAGE,POSSESSION_SINCE) values (5,4,'Tangible',1900000,90,to_date('11-MAY-20','DD-MON-RR'));
Insert into SYSTEM.AS_MERCHANT_ASSET (MERCHANT_ASSET_ID,MERCHANT_ID,ASSET_TYPE,ASSET_VALUE,OWNERSHIP_PERCENTAGE,POSSESSION_SINCE) values (6,6,'Tangible',2600000,100,to_date('11-JUN-20','DD-MON-RR'));
Insert into SYSTEM.AS_MERCHANT_ASSET (MERCHANT_ASSET_ID,MERCHANT_ID,ASSET_TYPE,ASSET_VALUE,OWNERSHIP_PERCENTAGE,POSSESSION_SINCE) values (7,3,'Intangible',2200000,90,to_date('11-JUL-20','DD-MON-RR'));
Insert into SYSTEM.AS_MERCHANT_ASSET (MERCHANT_ASSET_ID,MERCHANT_ID,ASSET_TYPE,ASSET_VALUE,OWNERSHIP_PERCENTAGE,POSSESSION_SINCE) values (8,8,'Intangible',1400000,100,to_date('11-AUG-20','DD-MON-RR'));
REM INSERTING into SYSTEM.AS_MERCHANT_LIABILITY
SET DEFINE OFF;
Insert into SYSTEM.AS_MERCHANT_LIABILITY (MERCHANT_LIABILITY_ID,MERCHANT_ID,LIABILITY_OUTSTANDING,LIABILITY_TYPE,LOAN_DATE,VALID_FROM,VALID_TO) values (1,1,2984,'Short-term',to_date('01-JAN-21','DD-MON-RR'),to_date('05-JAN-21','DD-MON-RR'),to_date('05-JAN-22','DD-MON-RR'));
Insert into SYSTEM.AS_MERCHANT_LIABILITY (MERCHANT_LIABILITY_ID,MERCHANT_ID,LIABILITY_OUTSTANDING,LIABILITY_TYPE,LOAN_DATE,VALID_FROM,VALID_TO) values (2,4,1213,'Short-term',to_date('01-FEB-21','DD-MON-RR'),to_date('05-FEB-21','DD-MON-RR'),to_date('05-FEB-22','DD-MON-RR'));
Insert into SYSTEM.AS_MERCHANT_LIABILITY (MERCHANT_LIABILITY_ID,MERCHANT_ID,LIABILITY_OUTSTANDING,LIABILITY_TYPE,LOAN_DATE,VALID_FROM,VALID_TO) values (3,6,1765,'Short-term',to_date('01-MAR-21','DD-MON-RR'),to_date('05-MAR-21','DD-MON-RR'),to_date('05-MAR-22','DD-MON-RR'));
Insert into SYSTEM.AS_MERCHANT_LIABILITY (MERCHANT_LIABILITY_ID,MERCHANT_ID,LIABILITY_OUTSTANDING,LIABILITY_TYPE,LOAN_DATE,VALID_FROM,VALID_TO) values (4,5,1657,'Short-term',to_date('01-APR-21','DD-MON-RR'),to_date('05-APR-21','DD-MON-RR'),to_date('05-APR-22','DD-MON-RR'));
Insert into SYSTEM.AS_MERCHANT_LIABILITY (MERCHANT_LIABILITY_ID,MERCHANT_ID,LIABILITY_OUTSTANDING,LIABILITY_TYPE,LOAN_DATE,VALID_FROM,VALID_TO) values (5,3,2424,'Short-term',to_date('01-MAY-21','DD-MON-RR'),to_date('05-MAY-21','DD-MON-RR'),to_date('05-MAY-22','DD-MON-RR'));
Insert into SYSTEM.AS_MERCHANT_LIABILITY (MERCHANT_LIABILITY_ID,MERCHANT_ID,LIABILITY_OUTSTANDING,LIABILITY_TYPE,LOAN_DATE,VALID_FROM,VALID_TO) values (6,7,5854,'Long-term',to_date('01-JUN-21','DD-MON-RR'),to_date('05-JUN-21','DD-MON-RR'),to_date('05-JUN-24','DD-MON-RR'));
Insert into SYSTEM.AS_MERCHANT_LIABILITY (MERCHANT_LIABILITY_ID,MERCHANT_ID,LIABILITY_OUTSTANDING,LIABILITY_TYPE,LOAN_DATE,VALID_FROM,VALID_TO) values (7,2,4565,'Long-term',to_date('01-JUL-21','DD-MON-RR'),to_date('05-JUL-21','DD-MON-RR'),to_date('05-JUL-24','DD-MON-RR'));
Insert into SYSTEM.AS_MERCHANT_LIABILITY (MERCHANT_LIABILITY_ID,MERCHANT_ID,LIABILITY_OUTSTANDING,LIABILITY_TYPE,LOAN_DATE,VALID_FROM,VALID_TO) values (8,8,4221,'Long-term',to_date('01-AUG-21','DD-MON-RR'),to_date('05-AUG-21','DD-MON-RR'),to_date('05-AUG-24','DD-MON-RR'));
REM INSERTING into SYSTEM.AS_RISK_ENGINE
SET DEFINE OFF;
Insert into SYSTEM.AS_RISK_ENGINE (MERCHANT_RISK_ID,CREDIT_WEIGHTAGE,MIN_CREDIT_FACTOR,MAX_CREDIT_FACTOR,MIN_LOAN_RATE,MAX_LOAN_RATE,LIGITATION_FACTOR,MIN_LIGITATION_FACTOR,MAX_LIGITATION_FACTOR,TOTAL_RISK_WEIGHTAGE,TOTAL_LOAN_WEIGHTAGE,VALID_FROM,VALID_TO) values (1,62,40,84,2,3,1,1,2,20,60,to_date('01-JAN-20','DD-MON-RR'),to_date('01-JUN-20','DD-MON-RR'));
Insert into SYSTEM.AS_RISK_ENGINE (MERCHANT_RISK_ID,CREDIT_WEIGHTAGE,MIN_CREDIT_FACTOR,MAX_CREDIT_FACTOR,MIN_LOAN_RATE,MAX_LOAN_RATE,LIGITATION_FACTOR,MIN_LIGITATION_FACTOR,MAX_LIGITATION_FACTOR,TOTAL_RISK_WEIGHTAGE,TOTAL_LOAN_WEIGHTAGE,VALID_FROM,VALID_TO) values (2,67,50,85,3,4,1,1,2,10,60,to_date('01-FEB-20','DD-MON-RR'),to_date('01-JUL-20','DD-MON-RR'));
Insert into SYSTEM.AS_RISK_ENGINE (MERCHANT_RISK_ID,CREDIT_WEIGHTAGE,MIN_CREDIT_FACTOR,MAX_CREDIT_FACTOR,MIN_LOAN_RATE,MAX_LOAN_RATE,LIGITATION_FACTOR,MIN_LIGITATION_FACTOR,MAX_LIGITATION_FACTOR,TOTAL_RISK_WEIGHTAGE,TOTAL_LOAN_WEIGHTAGE,VALID_FROM,VALID_TO) values (3,65,55,75,2,2,1,1,2,14,50,to_date('01-MAR-20','DD-MON-RR'),to_date('01-AUG-20','DD-MON-RR'));
Insert into SYSTEM.AS_RISK_ENGINE (MERCHANT_RISK_ID,CREDIT_WEIGHTAGE,MIN_CREDIT_FACTOR,MAX_CREDIT_FACTOR,MIN_LOAN_RATE,MAX_LOAN_RATE,LIGITATION_FACTOR,MIN_LIGITATION_FACTOR,MAX_LIGITATION_FACTOR,TOTAL_RISK_WEIGHTAGE,TOTAL_LOAN_WEIGHTAGE,VALID_FROM,VALID_TO) values (4,57,40,75,1,1,1,1,2,12,40,to_date('01-APR-20','DD-MON-RR'),to_date('01-SEP-20','DD-MON-RR'));
Insert into SYSTEM.AS_RISK_ENGINE (MERCHANT_RISK_ID,CREDIT_WEIGHTAGE,MIN_CREDIT_FACTOR,MAX_CREDIT_FACTOR,MIN_LOAN_RATE,MAX_LOAN_RATE,LIGITATION_FACTOR,MIN_LIGITATION_FACTOR,MAX_LIGITATION_FACTOR,TOTAL_RISK_WEIGHTAGE,TOTAL_LOAN_WEIGHTAGE,VALID_FROM,VALID_TO) values (5,62,45,80,2,3,1,1,2,20,55,to_date('01-MAY-20','DD-MON-RR'),to_date('01-OCT-20','DD-MON-RR'));
Insert into SYSTEM.AS_RISK_ENGINE (MERCHANT_RISK_ID,CREDIT_WEIGHTAGE,MIN_CREDIT_FACTOR,MAX_CREDIT_FACTOR,MIN_LOAN_RATE,MAX_LOAN_RATE,LIGITATION_FACTOR,MIN_LIGITATION_FACTOR,MAX_LIGITATION_FACTOR,TOTAL_RISK_WEIGHTAGE,TOTAL_LOAN_WEIGHTAGE,VALID_FROM,VALID_TO) values (6,60,50,70,2,3,1,1,2,22,30,to_date('01-JUN-20','DD-MON-RR'),to_date('01-NOV-20','DD-MON-RR'));
Insert into SYSTEM.AS_RISK_ENGINE (MERCHANT_RISK_ID,CREDIT_WEIGHTAGE,MIN_CREDIT_FACTOR,MAX_CREDIT_FACTOR,MIN_LOAN_RATE,MAX_LOAN_RATE,LIGITATION_FACTOR,MIN_LIGITATION_FACTOR,MAX_LIGITATION_FACTOR,TOTAL_RISK_WEIGHTAGE,TOTAL_LOAN_WEIGHTAGE,VALID_FROM,VALID_TO) values (7,60,54,66,2,3,1,1,2,22,40,to_date('01-JUL-20','DD-MON-RR'),to_date('01-DEC-20','DD-MON-RR'));
Insert into SYSTEM.AS_RISK_ENGINE (MERCHANT_RISK_ID,CREDIT_WEIGHTAGE,MIN_CREDIT_FACTOR,MAX_CREDIT_FACTOR,MIN_LOAN_RATE,MAX_LOAN_RATE,LIGITATION_FACTOR,MIN_LIGITATION_FACTOR,MAX_LIGITATION_FACTOR,TOTAL_RISK_WEIGHTAGE,TOTAL_LOAN_WEIGHTAGE,VALID_FROM,VALID_TO) values (8,60,39,81,2,3,1,1,2,22,50,to_date('01-AUG-20','DD-MON-RR'),to_date('01-JAN-21','DD-MON-RR'));
REM INSERTING into SYSTEM.AS_RISK_MANAGEMENT
SET DEFINE OFF;
Insert into SYSTEM.AS_RISK_MANAGEMENT (MERCHANT_RISK_DETAIL_ID,CREDIT_SCORE,KYC_SCORE,MIN_SUGGESTED_ENTITLEMENT,MAX_SUGGESTED_ENTITLEMENT,LIGITATION_INDEX_SCORE,COMPANY_REG_NO,FINANCE_INDICATOR_ID,CREDIT_APP_HISTORY,CCRIS,BOUNDED_CHECK,SSM,BOARD_OF_DIRECTOR,SHAREHOLDERS,FINANCIAL_ANNUM_REPORT,BUSINESS,OFFICE_ADDRESS,LGL,PENDING_CASES,CASES_HISTORY,AMLA,TR,INVOICE_PAYMENT_PERFORMANCE,MERCHANT_ID,CREDIT_AGENT_ID,AGENT_NAME,MERCHANT_RISK_ID) values (1,9,9,2000,6000,1,1,'A1','Good','Good','None','1234567-A','Ian','Muthu','Good','Educational','1,30000,Ipoh,Perak','Legal','None','None','None','Good',100,1,1,'Putri',8);
Insert into SYSTEM.AS_RISK_MANAGEMENT (MERCHANT_RISK_DETAIL_ID,CREDIT_SCORE,KYC_SCORE,MIN_SUGGESTED_ENTITLEMENT,MAX_SUGGESTED_ENTITLEMENT,LIGITATION_INDEX_SCORE,COMPANY_REG_NO,FINANCE_INDICATOR_ID,CREDIT_APP_HISTORY,CCRIS,BOUNDED_CHECK,SSM,BOARD_OF_DIRECTOR,SHAREHOLDERS,FINANCIAL_ANNUM_REPORT,BUSINESS,OFFICE_ADDRESS,LGL,PENDING_CASES,CASES_HISTORY,AMLA,TR,INVOICE_PAYMENT_PERFORMANCE,MERCHANT_ID,CREDIT_AGENT_ID,AGENT_NAME,MERCHANT_RISK_ID) values (2,8,9,2000,6000,1,2,'A2','Good','Good','None','1146309-A','Eric','Alex','Good','Pet','2,01000,Kangar,Perlis','Legal','None','None','None','Good',100,2,2,'Jonathan',1);
Insert into SYSTEM.AS_RISK_MANAGEMENT (MERCHANT_RISK_DETAIL_ID,CREDIT_SCORE,KYC_SCORE,MIN_SUGGESTED_ENTITLEMENT,MAX_SUGGESTED_ENTITLEMENT,LIGITATION_INDEX_SCORE,COMPANY_REG_NO,FINANCE_INDICATOR_ID,CREDIT_APP_HISTORY,CCRIS,BOUNDED_CHECK,SSM,BOARD_OF_DIRECTOR,SHAREHOLDERS,FINANCIAL_ANNUM_REPORT,BUSINESS,OFFICE_ADDRESS,LGL,PENDING_CASES,CASES_HISTORY,AMLA,TR,INVOICE_PAYMENT_PERFORMANCE,MERCHANT_ID,CREDIT_AGENT_ID,AGENT_NAME,MERCHANT_RISK_ID) values (3,8,8,3000,7000,1,3,'A3','Good','Good','None','1051824-A','Adeline','Alicia','Good','Clothing','3,09000,Kulim,Kedah','Legal','None','None','None','Good',100,3,3,'Jenny',2);
Insert into SYSTEM.AS_RISK_MANAGEMENT (MERCHANT_RISK_DETAIL_ID,CREDIT_SCORE,KYC_SCORE,MIN_SUGGESTED_ENTITLEMENT,MAX_SUGGESTED_ENTITLEMENT,LIGITATION_INDEX_SCORE,COMPANY_REG_NO,FINANCE_INDICATOR_ID,CREDIT_APP_HISTORY,CCRIS,BOUNDED_CHECK,SSM,BOARD_OF_DIRECTOR,SHAREHOLDERS,FINANCIAL_ANNUM_REPORT,BUSINESS,OFFICE_ADDRESS,LGL,PENDING_CASES,CASES_HISTORY,AMLA,TR,INVOICE_PAYMENT_PERFORMANCE,MERCHANT_ID,CREDIT_AGENT_ID,AGENT_NAME,MERCHANT_RISK_ID) values (4,9,9,3000,7000,1,4,'A4','Good','Good','None','1314401-A','Jason','John','Good','Retail','4,89300,Ranau,Sabah','Legal','None','None','None','Good',100,4,4,'Ahmad',3);
Insert into SYSTEM.AS_RISK_MANAGEMENT (MERCHANT_RISK_DETAIL_ID,CREDIT_SCORE,KYC_SCORE,MIN_SUGGESTED_ENTITLEMENT,MAX_SUGGESTED_ENTITLEMENT,LIGITATION_INDEX_SCORE,COMPANY_REG_NO,FINANCE_INDICATOR_ID,CREDIT_APP_HISTORY,CCRIS,BOUNDED_CHECK,SSM,BOARD_OF_DIRECTOR,SHAREHOLDERS,FINANCIAL_ANNUM_REPORT,BUSINESS,OFFICE_ADDRESS,LGL,PENDING_CASES,CASES_HISTORY,AMLA,TR,INVOICE_PAYMENT_PERFORMANCE,MERCHANT_ID,CREDIT_AGENT_ID,AGENT_NAME,MERCHANT_RISK_ID) values (5,9,8,3000,7000,1,5,'A5','Good','Good','None','1211056-A','Ali','Gopal','Good','Manufacturing','5,93000,Kuching,Sarawak','Legal','None','None','None','Good',100,5,5,'Jennifer',4);
Insert into SYSTEM.AS_RISK_MANAGEMENT (MERCHANT_RISK_DETAIL_ID,CREDIT_SCORE,KYC_SCORE,MIN_SUGGESTED_ENTITLEMENT,MAX_SUGGESTED_ENTITLEMENT,LIGITATION_INDEX_SCORE,COMPANY_REG_NO,FINANCE_INDICATOR_ID,CREDIT_APP_HISTORY,CCRIS,BOUNDED_CHECK,SSM,BOARD_OF_DIRECTOR,SHAREHOLDERS,FINANCIAL_ANNUM_REPORT,BUSINESS,OFFICE_ADDRESS,LGL,PENDING_CASES,CASES_HISTORY,AMLA,TR,INVOICE_PAYMENT_PERFORMANCE,MERCHANT_ID,CREDIT_AGENT_ID,AGENT_NAME,MERCHANT_RISK_ID) values (6,8,9,3000,7000,1,6,'A6','Good','Good','None','1365269-A','Muhammad','Azmin','Good','Food','6,85000,Segamat,Johor','Legal','None','None','None','Good',100,6,6,'Jai',5);
Insert into SYSTEM.AS_RISK_MANAGEMENT (MERCHANT_RISK_DETAIL_ID,CREDIT_SCORE,KYC_SCORE,MIN_SUGGESTED_ENTITLEMENT,MAX_SUGGESTED_ENTITLEMENT,LIGITATION_INDEX_SCORE,COMPANY_REG_NO,FINANCE_INDICATOR_ID,CREDIT_APP_HISTORY,CCRIS,BOUNDED_CHECK,SSM,BOARD_OF_DIRECTOR,SHAREHOLDERS,FINANCIAL_ANNUM_REPORT,BUSINESS,OFFICE_ADDRESS,LGL,PENDING_CASES,CASES_HISTORY,AMLA,TR,INVOICE_PAYMENT_PERFORMANCE,MERCHANT_ID,CREDIT_AGENT_ID,AGENT_NAME,MERCHANT_RISK_ID) values (7,8,9,4000,8000,1,7,'A7','Good','Good','None','1385747-A','Sarvin','Diviya','Good','Medical','7,26600,Pekan,Pahang','Legal','None','None','None','Good',100,7,7,'Ken',6);
Insert into SYSTEM.AS_RISK_MANAGEMENT (MERCHANT_RISK_DETAIL_ID,CREDIT_SCORE,KYC_SCORE,MIN_SUGGESTED_ENTITLEMENT,MAX_SUGGESTED_ENTITLEMENT,LIGITATION_INDEX_SCORE,COMPANY_REG_NO,FINANCE_INDICATOR_ID,CREDIT_APP_HISTORY,CCRIS,BOUNDED_CHECK,SSM,BOARD_OF_DIRECTOR,SHAREHOLDERS,FINANCIAL_ANNUM_REPORT,BUSINESS,OFFICE_ADDRESS,LGL,PENDING_CASES,CASES_HISTORY,AMLA,TR,INVOICE_PAYMENT_PERFORMANCE,MERCHANT_ID,CREDIT_AGENT_ID,AGENT_NAME,MERCHANT_RISK_ID) values (8,9,8,4000,8000,1,8,'A8','Good','Good','None','1044675-A','Samiha','Zahid','Good','Design','8,77000,Jasin,Melaka','Legal','None','None','None','Good',100,8,8,'Vincent',7);
--------------------------------------------------------
--  DDL for Index AS_ACCOUNT_PK
--------------------------------------------------------

  CREATE UNIQUE INDEX "SYSTEM"."AS_ACCOUNT_PK" ON "SYSTEM"."AS_ACCOUNT" ("ACCOUNT_ID") 
  PCTFREE 10 INITRANS 2 MAXTRANS 255 COMPUTE STATISTICS 
  STORAGE(INITIAL 65536 NEXT 1048576 MINEXTENTS 1 MAXEXTENTS 2147483645
  PCTINCREASE 0 FREELISTS 1 FREELIST GROUPS 1 BUFFER_POOL DEFAULT FLASH_CACHE DEFAULT CELL_FLASH_CACHE DEFAULT)
  TABLESPACE "SYSTEM" ;
--------------------------------------------------------
--  DDL for Index AS_CUSTOMER_PK
--------------------------------------------------------

  CREATE UNIQUE INDEX "SYSTEM"."AS_CUSTOMER_PK" ON "SYSTEM"."AS_CUSTOMER" ("CUSTOMER_ID") 
  PCTFREE 10 INITRANS 2 MAXTRANS 255 COMPUTE STATISTICS 
  STORAGE(INITIAL 65536 NEXT 1048576 MINEXTENTS 1 MAXEXTENTS 2147483645
  PCTINCREASE 0 FREELISTS 1 FREELIST GROUPS 1 BUFFER_POOL DEFAULT FLASH_CACHE DEFAULT CELL_FLASH_CACHE DEFAULT)
  TABLESPACE "SYSTEM" ;
--------------------------------------------------------
--  DDL for Index AS_MERCHANT_PK
--------------------------------------------------------

  CREATE UNIQUE INDEX "SYSTEM"."AS_MERCHANT_PK" ON "SYSTEM"."AS_MERCHANT" ("MERCHANT_ID") 
  PCTFREE 10 INITRANS 2 MAXTRANS 255 COMPUTE STATISTICS 
  STORAGE(INITIAL 65536 NEXT 1048576 MINEXTENTS 1 MAXEXTENTS 2147483645
  PCTINCREASE 0 FREELISTS 1 FREELIST GROUPS 1 BUFFER_POOL DEFAULT FLASH_CACHE DEFAULT CELL_FLASH_CACHE DEFAULT)
  TABLESPACE "SYSTEM" ;
--------------------------------------------------------
--  DDL for Index AS_MERCHANT_ASSET_PK
--------------------------------------------------------

  CREATE UNIQUE INDEX "SYSTEM"."AS_MERCHANT_ASSET_PK" ON "SYSTEM"."AS_MERCHANT_ASSET" ("MERCHANT_ASSET_ID") 
  PCTFREE 10 INITRANS 2 MAXTRANS 255 COMPUTE STATISTICS 
  STORAGE(INITIAL 65536 NEXT 1048576 MINEXTENTS 1 MAXEXTENTS 2147483645
  PCTINCREASE 0 FREELISTS 1 FREELIST GROUPS 1 BUFFER_POOL DEFAULT FLASH_CACHE DEFAULT CELL_FLASH_CACHE DEFAULT)
  TABLESPACE "SYSTEM" ;
--------------------------------------------------------
--  DDL for Index AS_MERCHANT_LIABILITY_PK
--------------------------------------------------------

  CREATE UNIQUE INDEX "SYSTEM"."AS_MERCHANT_LIABILITY_PK" ON "SYSTEM"."AS_MERCHANT_LIABILITY" ("MERCHANT_LIABILITY_ID") 
  PCTFREE 10 INITRANS 2 MAXTRANS 255 COMPUTE STATISTICS 
  STORAGE(INITIAL 65536 NEXT 1048576 MINEXTENTS 1 MAXEXTENTS 2147483645
  PCTINCREASE 0 FREELISTS 1 FREELIST GROUPS 1 BUFFER_POOL DEFAULT FLASH_CACHE DEFAULT CELL_FLASH_CACHE DEFAULT)
  TABLESPACE "SYSTEM" ;
--------------------------------------------------------
--  DDL for Index AS_RISK_ENGINE_PK
--------------------------------------------------------

  CREATE UNIQUE INDEX "SYSTEM"."AS_RISK_ENGINE_PK" ON "SYSTEM"."AS_RISK_ENGINE" ("MERCHANT_RISK_ID") 
  PCTFREE 10 INITRANS 2 MAXTRANS 255 COMPUTE STATISTICS 
  STORAGE(INITIAL 65536 NEXT 1048576 MINEXTENTS 1 MAXEXTENTS 2147483645
  PCTINCREASE 0 FREELISTS 1 FREELIST GROUPS 1 BUFFER_POOL DEFAULT FLASH_CACHE DEFAULT CELL_FLASH_CACHE DEFAULT)
  TABLESPACE "SYSTEM" ;
--------------------------------------------------------
--  DDL for Index AS_RISK_MANAGEMENT_PK
--------------------------------------------------------

  CREATE UNIQUE INDEX "SYSTEM"."AS_RISK_MANAGEMENT_PK" ON "SYSTEM"."AS_RISK_MANAGEMENT" ("MERCHANT_RISK_DETAIL_ID") 
  PCTFREE 10 INITRANS 2 MAXTRANS 255 COMPUTE STATISTICS 
  STORAGE(INITIAL 65536 NEXT 1048576 MINEXTENTS 1 MAXEXTENTS 2147483645
  PCTINCREASE 0 FREELISTS 1 FREELIST GROUPS 1 BUFFER_POOL DEFAULT FLASH_CACHE DEFAULT CELL_FLASH_CACHE DEFAULT)
  TABLESPACE "SYSTEM" ;
--------------------------------------------------------
--  Constraints for Table AS_ACCOUNT
--------------------------------------------------------

  ALTER TABLE "SYSTEM"."AS_ACCOUNT" MODIFY ("ACCOUNT_ID" NOT NULL ENABLE);
  ALTER TABLE "SYSTEM"."AS_ACCOUNT" MODIFY ("ACCOUNT_NAME" NOT NULL ENABLE);
  ALTER TABLE "SYSTEM"."AS_ACCOUNT" MODIFY ("DISTRICT_ID" NOT NULL ENABLE);
  ALTER TABLE "SYSTEM"."AS_ACCOUNT" MODIFY ("REGION" NOT NULL ENABLE);
  ALTER TABLE "SYSTEM"."AS_ACCOUNT" MODIFY ("CITY" NOT NULL ENABLE);
  ALTER TABLE "SYSTEM"."AS_ACCOUNT" MODIFY ("RATIO_URBAN" NOT NULL ENABLE);
  ALTER TABLE "SYSTEM"."AS_ACCOUNT" MODIFY ("AVG_SALARY" NOT NULL ENABLE);
  ALTER TABLE "SYSTEM"."AS_ACCOUNT" MODIFY ("DATE_CREATED" NOT NULL ENABLE);
  ALTER TABLE "SYSTEM"."AS_ACCOUNT" ADD CONSTRAINT "AS_ACCOUNT_PK" PRIMARY KEY ("ACCOUNT_ID")
  USING INDEX PCTFREE 10 INITRANS 2 MAXTRANS 255 COMPUTE STATISTICS 
  STORAGE(INITIAL 65536 NEXT 1048576 MINEXTENTS 1 MAXEXTENTS 2147483645
  PCTINCREASE 0 FREELISTS 1 FREELIST GROUPS 1 BUFFER_POOL DEFAULT FLASH_CACHE DEFAULT CELL_FLASH_CACHE DEFAULT)
  TABLESPACE "SYSTEM"  ENABLE;
--------------------------------------------------------
--  Constraints for Table AS_CUSTOMER
--------------------------------------------------------

  ALTER TABLE "SYSTEM"."AS_CUSTOMER" MODIFY ("CUSTOMER_ID" NOT NULL ENABLE);
  ALTER TABLE "SYSTEM"."AS_CUSTOMER" MODIFY ("CUSTOMER_FIRST_NAME" NOT NULL ENABLE);
  ALTER TABLE "SYSTEM"."AS_CUSTOMER" MODIFY ("CUSTOMER_LAST_NAME" NOT NULL ENABLE);
  ALTER TABLE "SYSTEM"."AS_CUSTOMER" MODIFY ("CUSTOMER_CONTACT_NUM" NOT NULL ENABLE);
  ALTER TABLE "SYSTEM"."AS_CUSTOMER" MODIFY ("CUSTOMER_EMAIL" NOT NULL ENABLE);
  ALTER TABLE "SYSTEM"."AS_CUSTOMER" MODIFY ("CUST_CURR_ADD" NOT NULL ENABLE);
  ALTER TABLE "SYSTEM"."AS_CUSTOMER" MODIFY ("CUST_HOME_ADD" NOT NULL ENABLE);
  ALTER TABLE "SYSTEM"."AS_CUSTOMER" MODIFY ("CUST_DOB" NOT NULL ENABLE);
  ALTER TABLE "SYSTEM"."AS_CUSTOMER" MODIFY ("CUST_EMPLOYMENT_ID" NOT NULL ENABLE);
  ALTER TABLE "SYSTEM"."AS_CUSTOMER" MODIFY ("POSTING_DATE" NOT NULL ENABLE);
  ALTER TABLE "SYSTEM"."AS_CUSTOMER" MODIFY ("EMPLOYMENT_TYPE" NOT NULL ENABLE);
  ALTER TABLE "SYSTEM"."AS_CUSTOMER" MODIFY ("PROFESSION_TYPE" NOT NULL ENABLE);
  ALTER TABLE "SYSTEM"."AS_CUSTOMER" MODIFY ("EXP_IN_PROFESSION_YEAR" NOT NULL ENABLE);
  ALTER TABLE "SYSTEM"."AS_CUSTOMER" MODIFY ("TENURE_WITH_CURR_EMPLOYER" NOT NULL ENABLE);
  ALTER TABLE "SYSTEM"."AS_CUSTOMER" MODIFY ("EMPLOYMENT_DESC" NOT NULL ENABLE);
  ALTER TABLE "SYSTEM"."AS_CUSTOMER" ADD CONSTRAINT "AS_CUSTOMER_PK" PRIMARY KEY ("CUSTOMER_ID")
  USING INDEX PCTFREE 10 INITRANS 2 MAXTRANS 255 COMPUTE STATISTICS 
  STORAGE(INITIAL 65536 NEXT 1048576 MINEXTENTS 1 MAXEXTENTS 2147483645
  PCTINCREASE 0 FREELISTS 1 FREELIST GROUPS 1 BUFFER_POOL DEFAULT FLASH_CACHE DEFAULT CELL_FLASH_CACHE DEFAULT)
  TABLESPACE "SYSTEM"  ENABLE;
--------------------------------------------------------
--  Constraints for Table AS_MERCHANT
--------------------------------------------------------

  ALTER TABLE "SYSTEM"."AS_MERCHANT" MODIFY ("MERCHANT_EMAIL" NOT NULL ENABLE);
  ALTER TABLE "SYSTEM"."AS_MERCHANT" MODIFY ("MERCHANT_ID" NOT NULL ENABLE);
  ALTER TABLE "SYSTEM"."AS_MERCHANT" MODIFY ("MERCHANT_NAME" NOT NULL ENABLE);
  ALTER TABLE "SYSTEM"."AS_MERCHANT" MODIFY ("SSM" NOT NULL ENABLE);
  ALTER TABLE "SYSTEM"."AS_MERCHANT" MODIFY ("AWS" NOT NULL ENABLE);
  ALTER TABLE "SYSTEM"."AS_MERCHANT" ADD CONSTRAINT "AS_MERCHANT_PK" PRIMARY KEY ("MERCHANT_ID")
  USING INDEX PCTFREE 10 INITRANS 2 MAXTRANS 255 COMPUTE STATISTICS 
  STORAGE(INITIAL 65536 NEXT 1048576 MINEXTENTS 1 MAXEXTENTS 2147483645
  PCTINCREASE 0 FREELISTS 1 FREELIST GROUPS 1 BUFFER_POOL DEFAULT FLASH_CACHE DEFAULT CELL_FLASH_CACHE DEFAULT)
  TABLESPACE "SYSTEM"  ENABLE;
--------------------------------------------------------
--  Constraints for Table AS_MERCHANT_ASSET
--------------------------------------------------------

  ALTER TABLE "SYSTEM"."AS_MERCHANT_ASSET" MODIFY ("MERCHANT_ASSET_ID" NOT NULL ENABLE);
  ALTER TABLE "SYSTEM"."AS_MERCHANT_ASSET" MODIFY ("MERCHANT_ID" NOT NULL ENABLE);
  ALTER TABLE "SYSTEM"."AS_MERCHANT_ASSET" MODIFY ("ASSET_TYPE" NOT NULL ENABLE);
  ALTER TABLE "SYSTEM"."AS_MERCHANT_ASSET" MODIFY ("ASSET_VALUE" NOT NULL ENABLE);
  ALTER TABLE "SYSTEM"."AS_MERCHANT_ASSET" MODIFY ("OWNERSHIP_PERCENTAGE" NOT NULL ENABLE);
  ALTER TABLE "SYSTEM"."AS_MERCHANT_ASSET" MODIFY ("POSSESSION_SINCE" NOT NULL ENABLE);
  ALTER TABLE "SYSTEM"."AS_MERCHANT_ASSET" ADD CONSTRAINT "AS_MERCHANT_ASSET_PK" PRIMARY KEY ("MERCHANT_ASSET_ID")
  USING INDEX PCTFREE 10 INITRANS 2 MAXTRANS 255 COMPUTE STATISTICS 
  STORAGE(INITIAL 65536 NEXT 1048576 MINEXTENTS 1 MAXEXTENTS 2147483645
  PCTINCREASE 0 FREELISTS 1 FREELIST GROUPS 1 BUFFER_POOL DEFAULT FLASH_CACHE DEFAULT CELL_FLASH_CACHE DEFAULT)
  TABLESPACE "SYSTEM"  ENABLE;
--------------------------------------------------------
--  Constraints for Table AS_MERCHANT_LIABILITY
--------------------------------------------------------

  ALTER TABLE "SYSTEM"."AS_MERCHANT_LIABILITY" MODIFY ("MERCHANT_LIABILITY_ID" NOT NULL ENABLE);
  ALTER TABLE "SYSTEM"."AS_MERCHANT_LIABILITY" MODIFY ("MERCHANT_ID" NOT NULL ENABLE);
  ALTER TABLE "SYSTEM"."AS_MERCHANT_LIABILITY" MODIFY ("LIABILITY_OUTSTANDING" NOT NULL ENABLE);
  ALTER TABLE "SYSTEM"."AS_MERCHANT_LIABILITY" MODIFY ("LIABILITY_TYPE" NOT NULL ENABLE);
  ALTER TABLE "SYSTEM"."AS_MERCHANT_LIABILITY" MODIFY ("LOAN_DATE" NOT NULL ENABLE);
  ALTER TABLE "SYSTEM"."AS_MERCHANT_LIABILITY" MODIFY ("VALID_FROM" NOT NULL ENABLE);
  ALTER TABLE "SYSTEM"."AS_MERCHANT_LIABILITY" MODIFY ("VALID_TO" NOT NULL ENABLE);
  ALTER TABLE "SYSTEM"."AS_MERCHANT_LIABILITY" ADD CONSTRAINT "AS_MERCHANT_LIABILITY_PK" PRIMARY KEY ("MERCHANT_LIABILITY_ID")
  USING INDEX PCTFREE 10 INITRANS 2 MAXTRANS 255 COMPUTE STATISTICS 
  STORAGE(INITIAL 65536 NEXT 1048576 MINEXTENTS 1 MAXEXTENTS 2147483645
  PCTINCREASE 0 FREELISTS 1 FREELIST GROUPS 1 BUFFER_POOL DEFAULT FLASH_CACHE DEFAULT CELL_FLASH_CACHE DEFAULT)
  TABLESPACE "SYSTEM"  ENABLE;
--------------------------------------------------------
--  Constraints for Table AS_RISK_ENGINE
--------------------------------------------------------

  ALTER TABLE "SYSTEM"."AS_RISK_ENGINE" MODIFY ("MERCHANT_RISK_ID" NOT NULL ENABLE);
  ALTER TABLE "SYSTEM"."AS_RISK_ENGINE" MODIFY ("CREDIT_WEIGHTAGE" NOT NULL ENABLE);
  ALTER TABLE "SYSTEM"."AS_RISK_ENGINE" MODIFY ("MIN_CREDIT_FACTOR" NOT NULL ENABLE);
  ALTER TABLE "SYSTEM"."AS_RISK_ENGINE" MODIFY ("MAX_CREDIT_FACTOR" NOT NULL ENABLE);
  ALTER TABLE "SYSTEM"."AS_RISK_ENGINE" MODIFY ("MIN_LOAN_RATE" NOT NULL ENABLE);
  ALTER TABLE "SYSTEM"."AS_RISK_ENGINE" MODIFY ("MAX_LOAN_RATE" NOT NULL ENABLE);
  ALTER TABLE "SYSTEM"."AS_RISK_ENGINE" MODIFY ("LIGITATION_FACTOR" NOT NULL ENABLE);
  ALTER TABLE "SYSTEM"."AS_RISK_ENGINE" MODIFY ("MIN_LIGITATION_FACTOR" NOT NULL ENABLE);
  ALTER TABLE "SYSTEM"."AS_RISK_ENGINE" MODIFY ("MAX_LIGITATION_FACTOR" NOT NULL ENABLE);
  ALTER TABLE "SYSTEM"."AS_RISK_ENGINE" MODIFY ("TOTAL_RISK_WEIGHTAGE" NOT NULL ENABLE);
  ALTER TABLE "SYSTEM"."AS_RISK_ENGINE" MODIFY ("TOTAL_LOAN_WEIGHTAGE" NOT NULL ENABLE);
  ALTER TABLE "SYSTEM"."AS_RISK_ENGINE" MODIFY ("VALID_FROM" NOT NULL ENABLE);
  ALTER TABLE "SYSTEM"."AS_RISK_ENGINE" MODIFY ("VALID_TO" NOT NULL ENABLE);
  ALTER TABLE "SYSTEM"."AS_RISK_ENGINE" ADD CONSTRAINT "AS_RISK_ENGINE_PK" PRIMARY KEY ("MERCHANT_RISK_ID")
  USING INDEX PCTFREE 10 INITRANS 2 MAXTRANS 255 COMPUTE STATISTICS 
  STORAGE(INITIAL 65536 NEXT 1048576 MINEXTENTS 1 MAXEXTENTS 2147483645
  PCTINCREASE 0 FREELISTS 1 FREELIST GROUPS 1 BUFFER_POOL DEFAULT FLASH_CACHE DEFAULT CELL_FLASH_CACHE DEFAULT)
  TABLESPACE "SYSTEM"  ENABLE;
--------------------------------------------------------
--  Constraints for Table AS_RISK_MANAGEMENT
--------------------------------------------------------

  ALTER TABLE "SYSTEM"."AS_RISK_MANAGEMENT" MODIFY ("MERCHANT_RISK_DETAIL_ID" NOT NULL ENABLE);
  ALTER TABLE "SYSTEM"."AS_RISK_MANAGEMENT" MODIFY ("CREDIT_SCORE" NOT NULL ENABLE);
  ALTER TABLE "SYSTEM"."AS_RISK_MANAGEMENT" MODIFY ("KYC_SCORE" NOT NULL ENABLE);
  ALTER TABLE "SYSTEM"."AS_RISK_MANAGEMENT" MODIFY ("MIN_SUGGESTED_ENTITLEMENT" NOT NULL ENABLE);
  ALTER TABLE "SYSTEM"."AS_RISK_MANAGEMENT" MODIFY ("MAX_SUGGESTED_ENTITLEMENT" NOT NULL ENABLE);
  ALTER TABLE "SYSTEM"."AS_RISK_MANAGEMENT" MODIFY ("LIGITATION_INDEX_SCORE" NOT NULL ENABLE);
  ALTER TABLE "SYSTEM"."AS_RISK_MANAGEMENT" MODIFY ("COMPANY_REG_NO" NOT NULL ENABLE);
  ALTER TABLE "SYSTEM"."AS_RISK_MANAGEMENT" MODIFY ("FINANCE_INDICATOR_ID" NOT NULL ENABLE);
  ALTER TABLE "SYSTEM"."AS_RISK_MANAGEMENT" MODIFY ("CREDIT_APP_HISTORY" NOT NULL ENABLE);
  ALTER TABLE "SYSTEM"."AS_RISK_MANAGEMENT" MODIFY ("CCRIS" NOT NULL ENABLE);
  ALTER TABLE "SYSTEM"."AS_RISK_MANAGEMENT" MODIFY ("BOUNDED_CHECK" NOT NULL ENABLE);
  ALTER TABLE "SYSTEM"."AS_RISK_MANAGEMENT" MODIFY ("SSM" NOT NULL ENABLE);
  ALTER TABLE "SYSTEM"."AS_RISK_MANAGEMENT" MODIFY ("BOARD_OF_DIRECTOR" NOT NULL ENABLE);
  ALTER TABLE "SYSTEM"."AS_RISK_MANAGEMENT" MODIFY ("SHAREHOLDERS" NOT NULL ENABLE);
  ALTER TABLE "SYSTEM"."AS_RISK_MANAGEMENT" MODIFY ("FINANCIAL_ANNUM_REPORT" NOT NULL ENABLE);
  ALTER TABLE "SYSTEM"."AS_RISK_MANAGEMENT" MODIFY ("BUSINESS" NOT NULL ENABLE);
  ALTER TABLE "SYSTEM"."AS_RISK_MANAGEMENT" MODIFY ("OFFICE_ADDRESS" NOT NULL ENABLE);
  ALTER TABLE "SYSTEM"."AS_RISK_MANAGEMENT" MODIFY ("LGL" NOT NULL ENABLE);
  ALTER TABLE "SYSTEM"."AS_RISK_MANAGEMENT" MODIFY ("PENDING_CASES" NOT NULL ENABLE);
  ALTER TABLE "SYSTEM"."AS_RISK_MANAGEMENT" MODIFY ("CASES_HISTORY" NOT NULL ENABLE);
  ALTER TABLE "SYSTEM"."AS_RISK_MANAGEMENT" MODIFY ("AMLA" NOT NULL ENABLE);
  ALTER TABLE "SYSTEM"."AS_RISK_MANAGEMENT" MODIFY ("TR" NOT NULL ENABLE);
  ALTER TABLE "SYSTEM"."AS_RISK_MANAGEMENT" MODIFY ("INVOICE_PAYMENT_PERFORMANCE" NOT NULL ENABLE);
  ALTER TABLE "SYSTEM"."AS_RISK_MANAGEMENT" MODIFY ("MERCHANT_ID" NOT NULL ENABLE);
  ALTER TABLE "SYSTEM"."AS_RISK_MANAGEMENT" MODIFY ("CREDIT_AGENT_ID" NOT NULL ENABLE);
  ALTER TABLE "SYSTEM"."AS_RISK_MANAGEMENT" MODIFY ("AGENT_NAME" NOT NULL ENABLE);
  ALTER TABLE "SYSTEM"."AS_RISK_MANAGEMENT" MODIFY ("MERCHANT_RISK_ID" NOT NULL ENABLE);
  ALTER TABLE "SYSTEM"."AS_RISK_MANAGEMENT" ADD CONSTRAINT "AS_RISK_MANAGEMENT_PK" PRIMARY KEY ("MERCHANT_RISK_DETAIL_ID")
  USING INDEX PCTFREE 10 INITRANS 2 MAXTRANS 255 COMPUTE STATISTICS 
  STORAGE(INITIAL 65536 NEXT 1048576 MINEXTENTS 1 MAXEXTENTS 2147483645
  PCTINCREASE 0 FREELISTS 1 FREELIST GROUPS 1 BUFFER_POOL DEFAULT FLASH_CACHE DEFAULT CELL_FLASH_CACHE DEFAULT)
  TABLESPACE "SYSTEM"  ENABLE;
--------------------------------------------------------
--  Ref Constraints for Table AS_ACCOUNT
--------------------------------------------------------

  ALTER TABLE "SYSTEM"."AS_ACCOUNT" ADD CONSTRAINT "CUSTOMER_FK2" FOREIGN KEY ("CUSTOMER_ID")
	  REFERENCES "SYSTEM"."AS_CUSTOMER" ("CUSTOMER_ID") ENABLE;
  ALTER TABLE "SYSTEM"."AS_ACCOUNT" ADD CONSTRAINT "MERCHANT_FK6" FOREIGN KEY ("MERCHANT_ID")
	  REFERENCES "SYSTEM"."AS_MERCHANT" ("MERCHANT_ID") ENABLE;
--------------------------------------------------------
--  Ref Constraints for Table AS_MERCHANT_ASSET
--------------------------------------------------------

  ALTER TABLE "SYSTEM"."AS_MERCHANT_ASSET" ADD CONSTRAINT "ASSET_MERCHANT_FK4" FOREIGN KEY ("MERCHANT_ID")
	  REFERENCES "SYSTEM"."AS_MERCHANT" ("MERCHANT_ID") ENABLE;
--------------------------------------------------------
--  Ref Constraints for Table AS_MERCHANT_LIABILITY
--------------------------------------------------------

  ALTER TABLE "SYSTEM"."AS_MERCHANT_LIABILITY" ADD CONSTRAINT "MERCHANT_ID_FK3" FOREIGN KEY ("MERCHANT_ID")
	  REFERENCES "SYSTEM"."AS_MERCHANT" ("MERCHANT_ID") ENABLE;
--------------------------------------------------------
--  Ref Constraints for Table AS_RISK_MANAGEMENT
--------------------------------------------------------

  ALTER TABLE "SYSTEM"."AS_RISK_MANAGEMENT" ADD CONSTRAINT "MERCHANT_RISK_ID_FK1" FOREIGN KEY ("MERCHANT_RISK_ID")
	  REFERENCES "SYSTEM"."AS_RISK_ENGINE" ("MERCHANT_RISK_ID") ON DELETE CASCADE ENABLE;
  ALTER TABLE "SYSTEM"."AS_RISK_MANAGEMENT" ADD CONSTRAINT "RM_MERCHANT_ID_FK1" FOREIGN KEY ("MERCHANT_ID")
	  REFERENCES "SYSTEM"."AS_MERCHANT" ("MERCHANT_ID") ON DELETE CASCADE ENABLE;
